model,term,estimate,se,p,ci_lo,ci_hi
crossed_dataset_backbone,Intercept,-0.052841335385574964,0.026373782670033225,0.04511770465206826,-0.1045329995549267,-0.0011496712162232178
crossed_dataset_backbone,C(perturbation)[T.compound],0.045325956863121394,,,,
crossed_dataset_backbone,C(perturbation)[T.compound_digital],-0.06048218842203665,,,,
crossed_dataset_backbone,C(perturbation)[T.compound_field],-0.08590566976814934,,,,
crossed_dataset_backbone,C(perturbation)[T.compound_optical],-0.06976374510242757,,,,
crossed_dataset_backbone,C(perturbation)[T.contrast],-0.047329940772286645,489939.74118003336,0.9999999229214823,-960264.2946376817,960264.1999778003
crossed_dataset_backbone,C(perturbation)[T.defocus_blur],0.14817455537116442,0.027990311344513824,1.1981344502453364e-07,0.09331455321985443,0.2030345575224744
crossed_dataset_backbone,C(perturbation)[T.gaussian_blur],0.1654140057681659,0.02980691238176038,2.864577649305047e-08,0.10699353100957454,0.22383448052675725
crossed_dataset_backbone,C(perturbation)[T.gaussian_noise],-0.04712580121284861,359176.38926016097,0.9999998953134162,-703972.8341728558,703972.7399212534
crossed_dataset_backbone,C(perturbation)[T.green_channel_shift],-0.01134709925985108,0.012216204662926848,0.35296353744744835,-0.03529042042695797,0.012596221907255815
crossed_dataset_backbone,C(perturbation)[T.illumination],-0.2263895613487589,776634.189551285,0.9999997674159364,-1522175.2670725335,1522174.8142934109
crossed_dataset_backbone,C(perturbation)[T.impulse_noise],0.09131113730103492,357928.13837868074,0.9999997964514693,-701526.1689645456,701526.3515868202
crossed_dataset_backbone,C(perturbation)[T.jpeg],-0.00687991071386108,0.020453708077510676,0.7365956689743556,-0.04696844189607799,0.033208620468355834
crossed_dataset_backbone,C(perturbation)[T.motion_blur],0.04506433490995165,0.028237558922523744,0.1105110058867427,-0.01028026358952254,0.10040893340942585
crossed_dataset_backbone,C(perturbation)[T.pixelate],0.07177739039473738,618651.2005423149,0.9999999074275269,-1212534.0002780133,1212534.143832794
crossed_dataset_backbone,C(perturbation)[T.red_channel_shift],0.0023540483739531194,0.012160010640348403,0.8464974496208162,-0.02147913453275359,0.02618723128065983
crossed_dataset_backbone,C(perturbation)[T.resize],-0.018642567610161854,,,,
crossed_dataset_backbone,C(perturbation)[T.rotation],0.036744016164614264,0.02257050869026399,0.10353213839234678,-0.007493367981051463,0.08098140031027999
crossed_dataset_backbone,C(perturbation)[T.scratch],-0.280560917259844,,,,
crossed_dataset_backbone,C(perturbation)[T.shot_noise],0.12860878181902521,0.0214979485592136,2.199077767090658e-09,0.08647357690147181,0.17074398673657862
crossed_dataset_backbone,C(perturbation)[T.zoom_blur],-0.024879649039418337,2093049.529928321,0.9999999905157104,-4102301.721397648,4102301.6716383505
crossed_dataset_backbone,C(severity)[T.-45],-0.009401140748962396,0.01407702816381265,0.5042385303181766,-0.036991608959391194,0.018189327461466405
crossed_dataset_backbone,C(severity)[T.0.01],-0.0295360488504063,358192.3297345605,0.9999999342075321,-702044.095354283,702044.0362821852
crossed_dataset_backbone,C(severity)[T.0.02],0.05269578630499209,358737.95405764505,0.9999998827970282,-703113.4171447825,703113.5225363552
crossed_dataset_backbone,C(severity)[T.0.03],0.026507841944659154,358625.590409932,0.9999999410242928,-702893.2146300379,702893.2676457217
crossed_dataset_backbone,C(severity)[T.0.05],0.06510646122325224,358438.83670082426,0.99999985507307,-702527.1454875881,702527.2757005105
crossed_dataset_backbone,C(severity)[T.0.1],0.1290475446823667,358647.4452324661,0.9999997129073555,-702935.9467553904,702936.2048504797
crossed_dataset_backbone,C(severity)[T.0.25],0.21080196439412943,649508.4542828437,0.9999997410416575,-1273012.9672466896,1273013.3888506184
crossed_dataset_backbone,C(severity)[T.0.33],0.1442305119363064,661159.7590712181,0.9999998259432806,-1295849.1715762548,1295849.4600372787
crossed_dataset_backbone,C(severity)[T.0.5],0.04805329943300709,568398.6139822025,0.999999932545603,-1114040.7642143022,1114040.8603209013
crossed_dataset_backbone,C(severity)[T.0.7],0.23978541859262817,1268238.320800395,0.9999998491442182,-2485701.192796911,2485701.672367748
crossed_dataset_backbone,C(severity)[T.0.75],0.06174082793440655,593051.5152021415,0.9999999169346134,-1162359.5490322777,1162359.6725139336
crossed_dataset_backbone,C(severity)[T.0.85],0.24672154255120335,1278108.028570266,0.9999998459791307,-2505045.4576276694,2505045.9510707543
crossed_dataset_backbone,C(severity)[T.1.05],0.01631456722462534,,,,
crossed_dataset_backbone,C(severity)[T.1.1],0.1223897573557852,,,,
crossed_dataset_backbone,C(severity)[T.1.15],0.24507222366376144,1181020.3369877662,0.9999998344318575,-2314757.080433156,2314757.5705776033
crossed_dataset_backbone,C(severity)[T.1.2],0.2129248914762646,2508348.2536311094,0.9999999322703762,-4916272.024876024,4916272.450725806
crossed_dataset_backbone,C(severity)[T.1.25],0.06431589942082995,576319.4752542495,0.9999999109579576,-1129565.3507714525,1129565.4794032515
crossed_dataset_backbone,C(severity)[T.1.3],0.23846450631686764,1154114.2926529343,0.9999998351401165,-2262022.209178165,2262022.6861071778
crossed_dataset_backbone,C(severity)[T.1.33],-0.018229235950203995,,,,
crossed_dataset_backbone,C(severity)[T.1.5],0.05303188283158231,603421.7289616865,0.9999999298776983,-1182684.8032219128,1182684.9092856783
crossed_dataset_backbone,C(severity)[T.1.67],0.00560266960704021,,,,
crossed_dataset_backbone,C(severity)[T.10],0.10301910498887107,0.02542746860566599,5.0892756504357496e-05,0.05318218230374282,0.1528560276739993
crossed_dataset_backbone,C(severity)[T.11],0.08945669363289695,0.03199351971258694,0.005172532874896482,0.026750547257554283,0.1521628400082396
crossed_dataset_backbone,C(severity)[T.12],0.09023816418323446,0.03233906628202192,0.005264681317108765,0.02685475897681787,0.15362156938965105
crossed_dataset_backbone,C(severity)[T.135],0.007213215863912604,0.0281096562068321,0.7974799373845058,-0.0478806979192811,0.06230712964710631
crossed_dataset_backbone,C(severity)[T.15],0.0973274325176149,0.025514952826841072,0.00013644497088991214,0.04731904390976796,0.14733582112546184
crossed_dataset_backbone,C(severity)[T.180],-0.05892845981534725,0.029050258583998935,0.04250920723484335,-0.11586592038156071,-0.0019909992491337902
crossed_dataset_backbone,C(severity)[T.2],-0.16435648504901232,0.033434040930164236,8.840137270905945e-07,-0.22988600112977225,-0.09882696896825237
crossed_dataset_backbone,C(severity)[T.2.0],0.0627619425614438,,,,
crossed_dataset_backbone,C(severity)[T.20],-0.0010593751865624985,0.027402862306835748,0.9691620314147613,-0.05476799838127074,0.05264924800814575
crossed_dataset_backbone,C(severity)[T.3],-0.15575729430753518,0.03253593131211924,1.6909103532338857e-06,-0.2195265478827579,-0.09198804073231245
crossed_dataset_backbone,C(severity)[T.30],0.00029160565687832556,0.01404077315037431,0.9834303336461675,-0.027227804032952312,0.027811015346708965
crossed_dataset_backbone,C(severity)[T.4],0.005019079343824533,0.03232881945742311,0.8766234972585668,-0.058344242455422496,0.06838240114307156
crossed_dataset_backbone,C(severity)[T.45],-0.00795866045957961,0.014081955920091871,0.5719600025260934,-0.03555878689484028,0.019641465975681057
crossed_dataset_backbone,C(severity)[T.5],-0.0660342526289241,0.02924683301473265,0.023956525294566006,-0.1233569919996571,-0.00871151325819109
crossed_dataset_backbone,C(severity)[T.50],-0.009885143451313142,0.027460676511805497,0.7188661988900273,-0.06370708040555692,0.04393679350293063
crossed_dataset_backbone,C(severity)[T.6],0.05274172596884774,0.032195607092785794,0.10138721854513034,-0.010360504393414724,0.1158439563311102
crossed_dataset_backbone,C(severity)[T.60],-0.05066416353572027,0.02742163299837463,0.06466047041666013,-0.10440957660980965,0.0030812495383691005
crossed_dataset_backbone,C(severity)[T.70],-0.0014141337473311101,0.027537412261343108,0.959044090759882,-0.055386470006995286,0.05255820251233306
crossed_dataset_backbone,C(severity)[T.8],0.04985473876521323,0.027754382438488035,0.07244944330379163,-0.00454285122737428,0.10425232875780074
crossed_dataset_backbone,C(severity)[T.9],-0.03146487383727728,0.033360182882747696,0.34558552186622404,-0.09684963080513236,0.033919883130577796
crossed_dataset_backbone,C(severity)[T.90],-0.07391643588094482,0.028540691255227058,0.009601456831893573,-0.12985516283506712,-0.017977708926822517
crossed_dataset_backbone,C(severity)[T.mild],0.13106782268094141,,,,
crossed_dataset_backbone,C(severity)[T.moderate],0.23823986499464572,,,,
crossed_dataset_backbone,C(severity)[T.severe],0.3058465793968691,,,,
crossed_dataset_backbone,feature_drift,0.7373083724717762,0.023353140121338087,8.911804069739009e-219,0.6915370589080362,0.7830796860355161
