backbone,dataset,perturbation,feature_drift,mahal_delta,knn_dist,reference_bank_drift,accuracy_drop
resnet50,WRD25,blur_2,0.34867194294929504,2431.600277283799,0.2826393246650696,0.2826393246650696,0.22520852641334566
resnet50,WRD25,blur_4,0.5394725203514099,4240.109370591843,0.4315594434738159,0.4315594434738159,0.5741427247451344
resnet50,WRD25,blur_6,0.6432325839996338,4919.141160907627,0.5280582308769226,0.5280582308769226,0.6807228915662651
resnet50,WRD25,blur_8,0.6982338428497314,5316.378257827069,0.5795080661773682,0.5795080661773682,0.7247451343836886
resnet50,WRD25,blur_10,0.7215958833694458,5566.630237933246,0.5913642644882202,0.5913642644882202,0.7775718257645968
resnet50,WRD25,blur_12,0.7325500249862671,5883.9575683704925,0.5849505662918091,0.5849505662918091,0.839666357738647
resnet50,WRD25,defocus_3,0.26874688267707825,1576.0745194883737,0.22321031987667084,0.22321031987667084,0.1621872103799814
resnet50,WRD25,defocus_5,0.4003344476222992,2824.0988744221986,0.31358546018600464,0.31358546018600464,0.3531047265987025
resnet50,WRD25,defocus_8,0.5119092464447021,4245.445547946185,0.39305949211120605,0.39305949211120605,0.5713623725671919
resnet50,WRD25,defocus_11,0.6158006191253662,5428.473766564139,0.4592350125312805,0.4592350125312805,0.7256719184430027
resnet50,WRD25,defocus_15,0.688265860080719,6067.963222893089,0.5032320618629456,0.5032320618629456,0.7692307692307692
resnet50,WRD25,resize_1_33,0.1287163943052292,529.8667507211339,0.11867925524711609,0.11867925524711609,0.03660797034291008
resnet50,WRD25,resize_1_67,0.2306479811668396,1183.8488811163593,0.19281958043575287,0.19281958043575287,0.14643188137164043
resnet50,WRD25,resize_2_0,0.31913554668426514,1912.5159414953398,0.2524298131465912,0.2524298131465912,0.29703429101019463
resnet50,WRD25,brightness_0_7,0.016718238592147827,76.32501340202884,0.016718195751309395,0.016718195751309395,0.0050973123262280096
resnet50,WRD25,brightness_0_85,0.005403352435678244,24.640950203585362,0.005403310060501099,0.005403310060501099,0.001853568118628357
resnet50,WRD25,brightness_1_15,0.005606587044894695,20.724586080176323,0.005606546998023987,0.005606546998023987,0.004633920296570837
resnet50,WRD25,brightness_1_3,0.01839931309223175,74.06591810970724,0.018399272114038467,0.018399272114038467,0.0041705282669137755
resnet50,WRD25,jpeg_10,0.3397616744041443,1855.6553350589413,0.264352947473526,0.264352947473526,0.4351251158480074
resnet50,WRD25,jpeg_20,0.2053229957818985,1097.1812146815362,0.18254658579826355,0.18254658579826355,0.14596848934198325
resnet50,WRD25,jpeg_30,0.15335987508296967,769.4615236520935,0.14212019741535187,0.14212019741535187,0.08155699721964782
resnet50,WRD25,jpeg_50,0.10540768504142761,484.178265019244,0.1012057214975357,0.1012057214975357,0.03429101019462466
resnet50,WRD25,jpeg_70,0.07030327618122101,285.5516370367619,0.06876625865697861,0.06876625865697861,0.020389249304911927
resnet50,WRD25,color_shift_-45,0.11046336591243744,538.3057182777334,0.10706642270088196,0.10706642270088196,0.06997219647822062
resnet50,WRD25,color_shift_-30,0.07679416239261627,385.89292613935686,0.07590996474027634,0.07590996474027634,0.03660797034291008
resnet50,WRD25,color_shift_30,0.05862922593951225,214.50003061046777,0.05819813162088394,0.05819813162088394,0.02873030583873959
resnet50,WRD25,color_shift_45,0.08578760921955109,327.4140416408286,0.08379950374364853,0.08379950374364853,0.0597775718257646
resnet50,WRD25,green_channel_shift_-45,0.12186053395271301,536.6929926116247,0.11656925827264786,0.11656925827264786,0.059314179796107536
resnet50,WRD25,green_channel_shift_-30,0.08197814971208572,337.332897178469,0.08041135221719742,0.08041135221719742,0.03151065801668207
resnet50,WRD25,green_channel_shift_30,0.11570960283279419,659.1502338655685,0.11139523237943649,0.11139523237943649,0.053753475440222465
resnet50,WRD25,green_channel_shift_45,0.16895610094070435,1004.7340296489806,0.15761075913906097,0.15761075913906097,0.09731232622798891
resnet50,WRD25,blue_channel_shift_-45,0.09424750506877899,483.8392630329149,0.09264407306909561,0.09264407306909561,0.035681186283595956
resnet50,WRD25,blue_channel_shift_-30,0.05642461031675339,269.74455656807663,0.056105535477399826,0.056105535477399826,0.01343836886005556
resnet50,WRD25,blue_channel_shift_30,0.0712444856762886,295.6306862126444,0.0700085386633873,0.0700085386633873,0.02873030583873959
resnet50,WRD25,blue_channel_shift_45,0.1102805882692337,493.7839381860267,0.10506334155797958,0.10506334155797958,0.06024096385542166
resnet50,WRD25,gaussian_noise_0_02,0.06508482992649078,242.01858053512422,0.06382249295711517,0.06382249295711517,0.013901760889712733
resnet50,WRD25,gaussian_noise_0_05,0.12608210742473602,440.3930844585618,0.11479929089546204,0.11479929089546204,0.04263206672845221
resnet50,WRD25,gaussian_noise_0_1,0.2516717314720154,927.447384717143,0.20966577529907227,0.20966577529907227,0.21779425393883223
resnet50,WRD25,shot_noise_60,0.22417958080768585,775.7497633365172,0.18945103883743286,0.18945103883743286,0.18489341983317886
resnet50,WRD25,shot_noise_30,0.3065626919269562,1093.2049281017944,0.2415650486946106,0.2415650486946106,0.3452270620945319
resnet50,WRD25,shot_noise_15,0.3886950612068176,1496.3886118251964,0.2854938805103302,0.2854938805103302,0.5329008341056534
resnet50,WRD25,impulse_noise_0_01,0.234049990773201,1182.5598144045211,0.19574899971485138,0.19574899971485138,0.21223354958294716
resnet50,WRD25,impulse_noise_0_03,0.3838076591491699,2152.612118163087,0.28162914514541626,0.28162914514541626,0.5254865616311399
resnet50,WRD25,impulse_noise_0_05,0.4151506721973419,2314.4747077729016,0.3027433753013611,0.3027433753013611,0.5945319740500463
resnet50,WRD25,motion_blur_5,0.17638716101646423,840.1395701162187,0.15640179812908173,0.15640179812908173,0.0727525486561631
resnet50,WRD25,motion_blur_9,0.365719735622406,2071.7921179734712,0.2829405963420868,0.2829405963420868,0.2947173308619092
resnet50,WRD25,motion_blur_15,0.5333586931228638,3712.163278986245,0.389228880405426,0.389228880405426,0.5713623725671919
resnet50,WRD25,zoom_blur_1_05,0.25938692688941956,1538.5106058014755,0.2193763703107834,0.2193763703107834,0.20064874884151995
resnet50,WRD25,zoom_blur_1_1,0.4542419910430908,3224.4492420712286,0.3695180416107178,0.3695180416107178,0.4457831325301205
resnet50,WRD25,zoom_blur_1_2,0.5178696513175964,3417.1884031384425,0.40850216150283813,0.40850216150283813,0.5987025023169601
resnet50,WRD25,contrast_0_5,0.05289420485496521,204.07816499122566,0.05237410590052605,0.05237410590052605,0.017608897126969447
resnet50,WRD25,contrast_0_75,0.014599214307963848,51.61400698180398,0.014599169604480267,0.014599169604480267,0.003707136237256714
resnet50,WRD25,contrast_1_25,0.011036532931029797,46.9542565385708,0.011036491952836514,0.011036491952836514,0.009267840593141785
resnet50,WRD25,contrast_1_5,0.03120257705450058,127.61309891450958,0.03116891160607338,0.03116891160607338,0.01575532900834109
resnet50,WRD25,pixelate_0_5,0.38032010197639465,1676.2414852583245,0.26802438497543335,0.26802438497543335,0.5176088971269694
resnet50,WRD25,pixelate_0_33,0.5498681664466858,2803.145564046399,0.33696356415748596,0.33696356415748596,0.8628359592215014
resnet50,WRD25,pixelate_0_25,0.658815324306488,2501.7166157890188,0.3247849643230438,0.3247849643230438,0.9244670991658943
resnet50,WRD25,scratch_mild,0.09459275752305984,952.0367897386086,0.09372019022703171,0.09372019022703171,0.012048192771084376
resnet50,WRD25,scratch_moderate,0.31733569502830505,4049.328825172991,0.3071906268596649,0.3071906268596649,0.08804448563484712
resnet50,WRD25,scratch_severe,0.5419595837593079,6240.253433297376,0.5054014325141907,0.5054014325141907,0.37859128822984245
resnet50,WRD25,rotation_45,0.4321039021015167,4217.516585440896,0.3684884011745453,0.3684884011745453,0.3155699721964782
resnet50,WRD25,rotation_90,0.13057413697242737,295.0849634620628,0.11158207803964615,0.11158207803964615,0.0454124189063948
resnet50,WRD25,rotation_135,0.4403594732284546,4229.234656123065,0.3717310428619385,0.3717310428619385,0.3456904541241891
resnet50,WRD25,rotation_180,0.07725805044174194,202.17523489798168,0.07504099607467651,0.07504099607467651,0.0050973123262280096
resnet50,WRD25,compound_mild,0.5713731050491333,3884.4453758919044,0.3687993884086609,0.3687993884086609,0.7516218721037998
resnet50,WRD25,compound_moderate,0.7276952862739563,5151.079075760931,0.42373213171958923,0.42373213171958923,0.9059314179796107
resnet50,WRD25,compound_severe,0.7475060820579529,4545.209028927634,0.4794174134731293,0.4794174134731293,0.9397590361445783
resnet50,WRD25,compound_optical_mild,0.3348197340965271,2240.155823175438,0.2720339596271515,0.2720339596271515,0.2154772937905468
resnet50,WRD25,compound_optical_moderate,0.565574049949646,4674.685960791348,0.44297653436660767,0.44297653436660767,0.6357738646895273
resnet50,WRD25,compound_optical_severe,0.7204711437225342,5812.976314200848,0.5674762725830078,0.5674762725830078,0.7747914735866543
resnet50,WRD25,compound_digital_mild,0.31526026129722595,1381.0678665909925,0.24187558889389038,0.24187558889389038,0.3531047265987025
resnet50,WRD25,compound_digital_moderate,0.47808414697647095,2412.0963639211486,0.3188953995704651,0.3188953995704651,0.7029657089898054
resnet50,WRD25,compound_digital_severe,0.6218584775924683,2668.3337452849782,0.31328174471855164,0.31328174471855164,0.8906394810009268
resnet50,WRD25,compound_field_mild,0.3223765790462494,1933.5442934811142,0.26350975036621094,0.26350975036621094,0.25625579240037066
resnet50,WRD25,compound_field_moderate,0.5516318082809448,4513.707032289887,0.452768474817276,0.452768474817276,0.6547729379054681
resnet50,WRD25,compound_field_severe,0.6354506611824036,4830.91260807686,0.5013521909713745,0.5013521909713745,0.7854494902687674
