dataset,backbone,condition,image_idx,silhouette
WRD25,resnet50,clean,0,0.021123049780726433
WRD25,resnet50,clean,1,0.0038268358912318945
WRD25,resnet50,clean,2,0.015956971794366837
WRD25,resnet50,clean,3,0.0481678768992424
WRD25,resnet50,clean,4,0.039063725620508194
WRD25,resnet50,clean,5,0.05103953182697296
WRD25,resnet50,clean,6,0.023058755323290825
WRD25,resnet50,clean,7,0.005146157927811146
WRD25,resnet50,clean,8,0.03674684837460518
WRD25,resnet50,clean,9,0.03148534893989563
WRD25,resnet50,clean,10,0.037710290402173996
WRD25,resnet50,clean,11,0.03355234116315842
WRD25,resnet50,clean,12,0.008454023860394955
WRD25,resnet50,clean,13,0.017092129215598106
WRD25,resnet50,clean,14,0.035874269902706146
WRD25,resnet50,clean,15,0.04762597382068634
WRD25,resnet50,clean,16,0.047454167157411575
WRD25,resnet50,clean,17,0.04324713349342346
WRD25,resnet50,clean,18,-0.006621221080422401
WRD25,resnet50,clean,19,-0.0032249579671770334
WRD25,resnet50,clean,20,0.025284646078944206
WRD25,resnet50,clean,21,0.056522272527217865
WRD25,resnet50,clean,22,0.03035903535783291
WRD25,resnet50,clean,23,0.05048791319131851
WRD25,resnet50,clean,24,0.05775460600852966
WRD25,resnet50,clean,25,0.051459651440382004
WRD25,resnet50,clean,26,0.04657910764217377
WRD25,resnet50,clean,27,0.02312501333653927
WRD25,resnet50,clean,28,0.02067001536488533
WRD25,resnet50,clean,29,0.044514868408441544
WRD25,resnet50,clean,30,0.028680691495537758
WRD25,resnet50,clean,31,0.2646174132823944
WRD25,resnet50,clean,32,0.13608118891716003
WRD25,resnet50,clean,33,0.06690206378698349
WRD25,resnet50,clean,34,0.026750260964035988
WRD25,resnet50,clean,35,0.013056954368948936
WRD25,resnet50,clean,36,0.04456556588411331
WRD25,resnet50,clean,37,0.04607664421200752
WRD25,resnet50,clean,38,0.07238725572824478
WRD25,resnet50,clean,39,0.21023757755756378
WRD25,resnet50,clean,40,0.005494107957929373
WRD25,resnet50,clean,41,0.09674680233001709
WRD25,resnet50,clean,42,0.06196993589401245
WRD25,resnet50,clean,43,0.11839166283607483
WRD25,resnet50,clean,44,0.10043618828058243
WRD25,resnet50,clean,45,0.006035983096808195
WRD25,resnet50,clean,46,0.018847597762942314
WRD25,resnet50,clean,47,0.004533692728728056
WRD25,resnet50,clean,48,0.033306095749139786
WRD25,resnet50,clean,49,0.009466838091611862
WRD25,resnet50,clean,50,0.025887425988912582
WRD25,resnet50,clean,51,0.026823539286851883
WRD25,resnet50,clean,52,0.01591447927057743
WRD25,resnet50,clean,53,0.001851909328252077
WRD25,resnet50,clean,54,0.03903147950768471
WRD25,resnet50,clean,55,0.04137299954891205
WRD25,resnet50,clean,56,0.05483732372522354
WRD25,resnet50,clean,57,0.02313610538840294
WRD25,resnet50,clean,58,-0.025598429143428802
WRD25,resnet50,clean,59,0.0018713549943640828
WRD25,resnet50,clean,60,0.01836472935974598
WRD25,resnet50,clean,61,0.015113722532987595
WRD25,resnet50,clean,62,0.033242013305425644
WRD25,resnet50,clean,63,0.011016365140676498
WRD25,resnet50,clean,64,0.03081919625401497
WRD25,resnet50,clean,65,0.0041212281212210655
WRD25,resnet50,clean,66,0.027390552684664726
WRD25,resnet50,clean,67,0.0066422657109797
WRD25,resnet50,clean,68,0.046685341745615005
WRD25,resnet50,clean,69,0.011824214830994606
WRD25,resnet50,clean,70,0.020462680608034134
WRD25,resnet50,clean,71,0.020778201520442963
WRD25,resnet50,clean,72,0.019981849938631058
WRD25,resnet50,clean,73,0.021066583693027496
WRD25,resnet50,clean,74,0.027341285720467567
WRD25,resnet50,clean,75,0.04183296859264374
WRD25,resnet50,clean,76,0.011390241794288158
WRD25,resnet50,clean,77,0.009838387370109558
WRD25,resnet50,clean,78,0.009520141407847404
WRD25,resnet50,clean,79,0.017966706305742264
WRD25,resnet50,clean,80,0.03582252934575081
WRD25,resnet50,clean,81,0.02484329417347908
WRD25,resnet50,clean,82,0.02073586732149124
WRD25,resnet50,clean,83,0.016614140942692757
WRD25,resnet50,clean,84,0.005271753296256065
WRD25,resnet50,clean,85,0.018658263608813286
WRD25,resnet50,clean,86,0.06373554468154907
WRD25,resnet50,clean,87,0.04074281081557274
WRD25,resnet50,clean,88,0.03708304092288017
WRD25,resnet50,clean,89,0.022151397541165352
WRD25,resnet50,clean,90,0.05814706161618233
WRD25,resnet50,clean,91,0.18198953568935394
WRD25,resnet50,clean,92,0.05430731549859047
WRD25,resnet50,clean,93,0.023854104802012444
WRD25,resnet50,clean,94,0.07502137124538422
WRD25,resnet50,clean,95,0.02970413863658905
WRD25,resnet50,clean,96,0.12663885951042175
WRD25,resnet50,clean,97,0.05036422982811928
WRD25,resnet50,clean,98,0.011180129833519459
WRD25,resnet50,clean,99,0.09210895746946335
WRD25,resnet50,clean,100,0.013897696509957314
WRD25,resnet50,clean,101,0.0250334981828928
WRD25,resnet50,clean,102,0.08764031529426575
WRD25,resnet50,clean,103,0.07792661339044571
WRD25,resnet50,clean,104,0.09007281064987183
WRD25,resnet50,clean,105,0.10293799638748169
WRD25,resnet50,clean,106,0.1214538961648941
WRD25,resnet50,clean,107,0.05357382073998451
WRD25,resnet50,clean,108,0.09784790128469467
WRD25,resnet50,clean,109,0.035689786076545715
WRD25,resnet50,clean,110,0.12605327367782593
WRD25,resnet50,clean,111,0.10318396985530853
WRD25,resnet50,clean,112,0.10682093352079391
WRD25,resnet50,clean,113,0.06420465558767319
WRD25,resnet50,clean,114,0.05602610856294632
WRD25,resnet50,clean,115,0.02207472361624241
WRD25,resnet50,clean,116,0.056036509573459625
WRD25,resnet50,clean,117,0.02970382198691368
WRD25,resnet50,clean,118,0.02433343045413494
WRD25,resnet50,clean,119,0.01713133417069912
WRD25,resnet50,clean,120,-0.014975576661527157
WRD25,resnet50,clean,121,0.020052284002304077
WRD25,resnet50,clean,122,0.012339175678789616
WRD25,resnet50,clean,123,0.002986061852425337
WRD25,resnet50,clean,124,-0.009504045359790325
WRD25,resnet50,clean,125,0.02054588682949543
WRD25,resnet50,clean,126,0.01697959378361702
WRD25,resnet50,clean,127,0.03049064241349697
WRD25,resnet50,clean,128,0.027127951383590698
WRD25,resnet50,clean,129,0.03264978900551796
WRD25,resnet50,clean,130,0.0278787761926651
WRD25,resnet50,clean,131,0.031243525445461273
WRD25,resnet50,clean,132,0.018799183890223503
WRD25,resnet50,clean,133,0.02903933823108673
WRD25,resnet50,clean,134,0.03640972822904587
WRD25,resnet50,clean,135,0.01875103823840618
WRD25,resnet50,clean,136,0.018382953479886055
WRD25,resnet50,clean,137,0.03288358077406883
WRD25,resnet50,clean,138,0.019847949966788292
WRD25,resnet50,clean,139,0.0017927188891917467
WRD25,resnet50,clean,140,0.02509145438671112
WRD25,resnet50,clean,141,0.003031681990250945
WRD25,resnet50,clean,142,0.013516752049326897
WRD25,resnet50,clean,143,-0.004457446746528149
WRD25,resnet50,clean,144,0.025342680513858795
WRD25,resnet50,clean,145,0.0245648305863142
WRD25,resnet50,clean,146,0.015466173179447651
WRD25,resnet50,clean,147,0.023422494530677795
WRD25,resnet50,clean,148,0.02175074629485607
WRD25,resnet50,clean,149,0.04247957468032837
WRD25,resnet50,clean,150,0.031215723603963852
WRD25,resnet50,clean,151,0.019798288121819496
WRD25,resnet50,clean,152,0.012513034045696259
WRD25,resnet50,clean,153,0.013239619322121143
WRD25,resnet50,clean,154,0.026079637929797173
WRD25,resnet50,clean,155,0.0693579837679863
WRD25,resnet50,clean,156,0.023491470143198967
WRD25,resnet50,clean,157,0.027671104297041893
WRD25,resnet50,clean,158,0.01333330012857914
WRD25,resnet50,clean,159,0.027332941070199013
WRD25,resnet50,clean,160,0.005063243675976992
WRD25,resnet50,clean,161,0.02010469138622284
WRD25,resnet50,clean,162,0.0189804844558239
WRD25,resnet50,clean,163,0.005747456103563309
WRD25,resnet50,clean,164,0.021767234429717064
WRD25,resnet50,clean,165,0.03157642483711243
WRD25,resnet50,clean,166,0.01563541777431965
WRD25,resnet50,clean,167,0.018652884289622307
WRD25,resnet50,clean,168,0.011852799914777279
WRD25,resnet50,clean,169,0.020389843732118607
WRD25,resnet50,clean,170,0.0005736828316003084
WRD25,resnet50,clean,171,0.04063383862376213
WRD25,resnet50,clean,172,0.024901224300265312
WRD25,resnet50,clean,173,0.01351514644920826
WRD25,resnet50,clean,174,0.03753942251205444
WRD25,resnet50,clean,175,0.03412627801299095
WRD25,resnet50,clean,176,0.02221563644707203
WRD25,resnet50,clean,177,0.023211512714624405
WRD25,resnet50,clean,178,0.020701702684164047
WRD25,resnet50,clean,179,0.029259871691465378
WRD25,resnet50,clean,180,0.015614879317581654
WRD25,resnet50,clean,181,0.03424331173300743
WRD25,resnet50,clean,182,0.0039799269288778305
WRD25,resnet50,clean,183,0.01671854965388775
WRD25,resnet50,clean,184,0.04030147194862366
WRD25,resnet50,clean,185,0.012460271827876568
WRD25,resnet50,clean,186,0.02226092293858528
WRD25,resnet50,clean,187,0.01501703541725874
WRD25,resnet50,clean,188,0.1284954845905304
WRD25,resnet50,clean,189,0.062182892113924026
WRD25,resnet50,clean,190,0.009432241320610046
WRD25,resnet50,clean,191,0.00820047128945589
WRD25,resnet50,clean,192,0.00910732802003622
WRD25,resnet50,clean,193,0.04059508442878723
WRD25,resnet50,clean,194,0.004658243618905544
WRD25,resnet50,clean,195,-0.03404099494218826
WRD25,resnet50,clean,196,0.0025758366100490093
WRD25,resnet50,clean,197,0.02271796017885208
WRD25,resnet50,clean,198,0.006708962377160788
WRD25,resnet50,clean,199,0.055280208587646484
WRD25,efficientnet_b3,clean,0,-0.00564606674015522
WRD25,efficientnet_b3,clean,1,0.01113236416131258
WRD25,efficientnet_b3,clean,2,-0.0009814540389925241
WRD25,efficientnet_b3,clean,3,0.0008672737167216837
WRD25,efficientnet_b3,clean,4,-0.004694394301623106
WRD25,efficientnet_b3,clean,5,0.01761329360306263
WRD25,efficientnet_b3,clean,6,0.020550310611724854
WRD25,efficientnet_b3,clean,7,0.016344329342246056
WRD25,efficientnet_b3,clean,8,0.007777092978358269
WRD25,efficientnet_b3,clean,9,0.017508961260318756
WRD25,efficientnet_b3,clean,10,0.02338257245719433
WRD25,efficientnet_b3,clean,11,0.024195708334445953
WRD25,efficientnet_b3,clean,12,-0.0028760957065969706
WRD25,efficientnet_b3,clean,13,0.0020719547756016254
WRD25,efficientnet_b3,clean,14,0.0026532281190156937
WRD25,efficientnet_b3,clean,15,-0.0033597236033529043
WRD25,efficientnet_b3,clean,16,-0.011923480778932571
WRD25,efficientnet_b3,clean,17,-0.0039148833602666855
WRD25,efficientnet_b3,clean,18,-0.019590064883232117
WRD25,efficientnet_b3,clean,19,-0.017018161714076996
WRD25,efficientnet_b3,clean,20,-0.020857524126768112
WRD25,efficientnet_b3,clean,21,0.0026881350204348564
WRD25,efficientnet_b3,clean,22,0.0037290549371391535
WRD25,efficientnet_b3,clean,23,0.004323393572121859
WRD25,efficientnet_b3,clean,24,0.013895479962229729
WRD25,efficientnet_b3,clean,25,0.029200099408626556
WRD25,efficientnet_b3,clean,26,0.010013093240559101
WRD25,efficientnet_b3,clean,27,0.01565162092447281
WRD25,efficientnet_b3,clean,28,0.011243820190429688
WRD25,efficientnet_b3,clean,29,0.03790862858295441
WRD25,efficientnet_b3,clean,30,0.024922087788581848
WRD25,efficientnet_b3,clean,31,-0.008697876706719398
WRD25,efficientnet_b3,clean,32,-0.009738358668982983
WRD25,efficientnet_b3,clean,33,0.03251482918858528
WRD25,efficientnet_b3,clean,34,-0.010222893208265305
WRD25,efficientnet_b3,clean,35,0.0156091982498765
WRD25,efficientnet_b3,clean,36,0.010311437770724297
WRD25,efficientnet_b3,clean,37,-0.0024385855067521334
WRD25,efficientnet_b3,clean,38,0.007865277118980885
WRD25,efficientnet_b3,clean,39,-0.009826955385506153
WRD25,efficientnet_b3,clean,40,7.019853364909068e-05
WRD25,efficientnet_b3,clean,41,-0.009005647152662277
WRD25,efficientnet_b3,clean,42,0.014669309370219707
WRD25,efficientnet_b3,clean,43,-0.005631763953715563
WRD25,efficientnet_b3,clean,44,-0.004583998583257198
WRD25,efficientnet_b3,clean,45,-0.004794404376298189
WRD25,efficientnet_b3,clean,46,-0.00972705241292715
WRD25,efficientnet_b3,clean,47,0.004432563669979572
WRD25,efficientnet_b3,clean,48,-0.03718787804245949
WRD25,efficientnet_b3,clean,49,0.05871811509132385
WRD25,efficientnet_b3,clean,50,0.01027463935315609
WRD25,efficientnet_b3,clean,51,-0.014848629012703896
WRD25,efficientnet_b3,clean,52,-0.019023878499865532
WRD25,efficientnet_b3,clean,53,-0.005241259932518005
WRD25,efficientnet_b3,clean,54,0.018258562311530113
WRD25,efficientnet_b3,clean,55,0.04141713306307793
WRD25,efficientnet_b3,clean,56,0.03711360692977905
WRD25,efficientnet_b3,clean,57,0.004737673792988062
WRD25,efficientnet_b3,clean,58,7.347750943154097e-05
WRD25,efficientnet_b3,clean,59,0.003012047614902258
WRD25,efficientnet_b3,clean,60,0.0015199026092886925
WRD25,efficientnet_b3,clean,61,0.000749445054680109
WRD25,efficientnet_b3,clean,62,0.01893811859190464
WRD25,efficientnet_b3,clean,63,0.003330736653879285
WRD25,efficientnet_b3,clean,64,0.025060079991817474
WRD25,efficientnet_b3,clean,65,-0.009577521122992039
WRD25,efficientnet_b3,clean,66,-0.004598251078277826
WRD25,efficientnet_b3,clean,67,-0.005871598608791828
WRD25,efficientnet_b3,clean,68,0.013561050407588482
WRD25,efficientnet_b3,clean,69,-0.0013342049205675721
WRD25,efficientnet_b3,clean,70,0.003530314890667796
WRD25,efficientnet_b3,clean,71,0.010091877542436123
WRD25,efficientnet_b3,clean,72,0.01940939947962761
WRD25,efficientnet_b3,clean,73,0.014291858300566673
WRD25,efficientnet_b3,clean,74,0.01237024087458849
WRD25,efficientnet_b3,clean,75,0.026515264064073563
WRD25,efficientnet_b3,clean,76,-0.019478658214211464
WRD25,efficientnet_b3,clean,77,-0.00809263065457344
WRD25,efficientnet_b3,clean,78,-0.007412679027765989
WRD25,efficientnet_b3,clean,79,-0.0030951439402997494
WRD25,efficientnet_b3,clean,80,-0.00881212018430233
WRD25,efficientnet_b3,clean,81,0.0040366738103330135
WRD25,efficientnet_b3,clean,82,-0.012309057638049126
WRD25,efficientnet_b3,clean,83,-0.006488326005637646
WRD25,efficientnet_b3,clean,84,-0.011610175482928753
WRD25,efficientnet_b3,clean,85,-0.005855379160493612
WRD25,efficientnet_b3,clean,86,-0.003677665488794446
WRD25,efficientnet_b3,clean,87,0.025986777618527412
WRD25,efficientnet_b3,clean,88,5.210340168559924e-05
WRD25,efficientnet_b3,clean,89,0.024792663753032684
WRD25,efficientnet_b3,clean,90,0.01815916784107685
WRD25,efficientnet_b3,clean,91,0.02259615622460842
WRD25,efficientnet_b3,clean,92,0.004092896357178688
WRD25,efficientnet_b3,clean,93,0.010437330231070518
WRD25,efficientnet_b3,clean,94,0.014144157990813255
WRD25,efficientnet_b3,clean,95,0.0025476915761828423
WRD25,efficientnet_b3,clean,96,0.010284372605383396
WRD25,efficientnet_b3,clean,97,0.004923786502331495
WRD25,efficientnet_b3,clean,98,-0.0003973362618125975
WRD25,efficientnet_b3,clean,99,0.0037299380637705326
WRD25,efficientnet_b3,clean,100,0.0067893825471401215
WRD25,efficientnet_b3,clean,101,0.0033278497867286205
WRD25,efficientnet_b3,clean,102,0.01827746257185936
WRD25,efficientnet_b3,clean,103,0.0038969158194959164
WRD25,efficientnet_b3,clean,104,0.002572095487266779
WRD25,efficientnet_b3,clean,105,0.005162461660802364
WRD25,efficientnet_b3,clean,106,0.007237556390464306
WRD25,efficientnet_b3,clean,107,0.0024414234794676304
WRD25,efficientnet_b3,clean,108,0.02189088799059391
WRD25,efficientnet_b3,clean,109,0.0036089716013520956
WRD25,efficientnet_b3,clean,110,0.011716031469404697
WRD25,efficientnet_b3,clean,111,0.010426841676235199
WRD25,efficientnet_b3,clean,112,0.024351848289370537
WRD25,efficientnet_b3,clean,113,-0.0006197443581186235
WRD25,efficientnet_b3,clean,114,-0.010477792471647263
WRD25,efficientnet_b3,clean,115,0.021809624508023262
WRD25,efficientnet_b3,clean,116,-0.024431137368083
WRD25,efficientnet_b3,clean,117,-0.02407483570277691
WRD25,efficientnet_b3,clean,118,0.006885673385113478
WRD25,efficientnet_b3,clean,119,0.03536030650138855
WRD25,efficientnet_b3,clean,120,-0.014797224663197994
WRD25,efficientnet_b3,clean,121,-0.03203790634870529
WRD25,efficientnet_b3,clean,122,0.0329294428229332
WRD25,efficientnet_b3,clean,123,0.009279857389628887
WRD25,efficientnet_b3,clean,124,0.03216956928372383
WRD25,efficientnet_b3,clean,125,-0.015265930444002151
WRD25,efficientnet_b3,clean,126,-0.0014328520046547055
WRD25,efficientnet_b3,clean,127,-9.048560605151579e-05
WRD25,efficientnet_b3,clean,128,-0.005248105153441429
WRD25,efficientnet_b3,clean,129,-0.004542906768620014
WRD25,efficientnet_b3,clean,130,0.010568764992058277
WRD25,efficientnet_b3,clean,131,-0.0027035942766815424
WRD25,efficientnet_b3,clean,132,0.015567906200885773
WRD25,efficientnet_b3,clean,133,-0.001868845080025494
WRD25,efficientnet_b3,clean,134,0.014077904634177685
WRD25,efficientnet_b3,clean,135,-0.0037660445086658
WRD25,efficientnet_b3,clean,136,-0.002623997163027525
WRD25,efficientnet_b3,clean,137,0.0031416304409503937
WRD25,efficientnet_b3,clean,138,0.01029730960726738
WRD25,efficientnet_b3,clean,139,-0.004483294673264027
WRD25,efficientnet_b3,clean,140,-0.0009260661317966878
WRD25,efficientnet_b3,clean,141,0.0019823445472866297
WRD25,efficientnet_b3,clean,142,0.008020433597266674
WRD25,efficientnet_b3,clean,143,0.0008590254583396018
WRD25,efficientnet_b3,clean,144,0.0152190662920475
WRD25,efficientnet_b3,clean,145,0.015150490216910839
WRD25,efficientnet_b3,clean,146,0.010475757531821728
WRD25,efficientnet_b3,clean,147,0.007766397204250097
WRD25,efficientnet_b3,clean,148,0.024595841765403748
WRD25,efficientnet_b3,clean,149,0.014586783945560455
WRD25,efficientnet_b3,clean,150,0.017793023958802223
WRD25,efficientnet_b3,clean,151,-0.009594751521945
WRD25,efficientnet_b3,clean,152,0.005012261215597391
WRD25,efficientnet_b3,clean,153,-0.0027603241614997387
WRD25,efficientnet_b3,clean,154,0.01607338897883892
WRD25,efficientnet_b3,clean,155,0.02752424217760563
WRD25,efficientnet_b3,clean,156,0.004872801713645458
WRD25,efficientnet_b3,clean,157,0.006673469673842192
WRD25,efficientnet_b3,clean,158,0.013169593177735806
WRD25,efficientnet_b3,clean,159,0.00829041562974453
WRD25,efficientnet_b3,clean,160,0.0020309307146817446
WRD25,efficientnet_b3,clean,161,-0.019824177026748657
WRD25,efficientnet_b3,clean,162,-0.011491193436086178
WRD25,efficientnet_b3,clean,163,-0.014375822618603706
WRD25,efficientnet_b3,clean,164,0.002658796263858676
WRD25,efficientnet_b3,clean,165,-0.0051563275046646595
WRD25,efficientnet_b3,clean,166,-0.004235364496707916
WRD25,efficientnet_b3,clean,167,0.02422482706606388
WRD25,efficientnet_b3,clean,168,0.019160926342010498
WRD25,efficientnet_b3,clean,169,-0.0028514843434095383
WRD25,efficientnet_b3,clean,170,0.000299321545753628
WRD25,efficientnet_b3,clean,171,0.01159098744392395
WRD25,efficientnet_b3,clean,172,0.011708508245646954
WRD25,efficientnet_b3,clean,173,-0.001887885620817542
WRD25,efficientnet_b3,clean,174,-0.0033852963242679834
WRD25,efficientnet_b3,clean,175,0.005606725811958313
WRD25,efficientnet_b3,clean,176,-0.00039033929351717234
WRD25,efficientnet_b3,clean,177,-0.00439067417755723
WRD25,efficientnet_b3,clean,178,-0.0075358799658715725
WRD25,efficientnet_b3,clean,179,0.01037395279854536
WRD25,efficientnet_b3,clean,180,0.003727204166352749
WRD25,efficientnet_b3,clean,181,-0.0036707965191453695
WRD25,efficientnet_b3,clean,182,0.0033566271886229515
WRD25,efficientnet_b3,clean,183,0.017574703320860863
WRD25,efficientnet_b3,clean,184,-0.018250908702611923
WRD25,efficientnet_b3,clean,185,0.04686003923416138
WRD25,efficientnet_b3,clean,186,-0.019420113414525986
WRD25,efficientnet_b3,clean,187,-0.0013771852245554328
WRD25,efficientnet_b3,clean,188,-0.0020605954341590405
WRD25,efficientnet_b3,clean,189,0.0002881848777178675
WRD25,efficientnet_b3,clean,190,-0.002393316710367799
WRD25,efficientnet_b3,clean,191,-0.00803250540047884
WRD25,efficientnet_b3,clean,192,0.034248754382133484
WRD25,efficientnet_b3,clean,193,0.01804191805422306
WRD25,efficientnet_b3,clean,194,-0.006746513769030571
WRD25,efficientnet_b3,clean,195,0.006444749888032675
WRD25,efficientnet_b3,clean,196,0.009019788354635239
WRD25,efficientnet_b3,clean,197,0.00274844653904438
WRD25,efficientnet_b3,clean,198,-0.002036077668890357
WRD25,efficientnet_b3,clean,199,-0.007316884119063616
WRD25,convnext_tiny,clean,0,0.26561805605888367
WRD25,convnext_tiny,clean,1,0.004068831447511911
WRD25,convnext_tiny,clean,2,0.15448135137557983
WRD25,convnext_tiny,clean,3,0.09655831754207611
WRD25,convnext_tiny,clean,4,0.06122313067317009
WRD25,convnext_tiny,clean,5,-0.029134001582860947
WRD25,convnext_tiny,clean,6,0.13621068000793457
WRD25,convnext_tiny,clean,7,0.03915795683860779
WRD25,convnext_tiny,clean,8,0.0669228658080101
WRD25,convnext_tiny,clean,9,0.1049196794629097
WRD25,convnext_tiny,clean,10,0.0014859277289360762
WRD25,convnext_tiny,clean,11,0.035559333860874176
WRD25,convnext_tiny,clean,12,0.09693118184804916
WRD25,convnext_tiny,clean,13,-0.008646669797599316
WRD25,convnext_tiny,clean,14,-0.0007233339711092412
WRD25,convnext_tiny,clean,15,-0.023603584617376328
WRD25,convnext_tiny,clean,16,0.09153493493795395
WRD25,convnext_tiny,clean,17,0.06008888781070709
WRD25,convnext_tiny,clean,18,-0.032036811113357544
WRD25,convnext_tiny,clean,19,-0.09993302077054977
WRD25,convnext_tiny,clean,20,-0.015300273895263672
WRD25,convnext_tiny,clean,21,0.0004511156294029206
WRD25,convnext_tiny,clean,22,0.0263364240527153
WRD25,convnext_tiny,clean,23,-0.015667477622628212
WRD25,convnext_tiny,clean,24,0.0004299970169086009
WRD25,convnext_tiny,clean,25,0.030145686119794846
WRD25,convnext_tiny,clean,26,0.04998090863227844
WRD25,convnext_tiny,clean,27,0.04792006313800812
WRD25,convnext_tiny,clean,28,0.054228704422712326
WRD25,convnext_tiny,clean,29,0.03825477138161659
WRD25,convnext_tiny,clean,30,0.049762189388275146
WRD25,convnext_tiny,clean,31,0.03536466136574745
WRD25,convnext_tiny,clean,32,-0.04277615621685982
WRD25,convnext_tiny,clean,33,-0.04822463542222977
WRD25,convnext_tiny,clean,34,0.019265415146946907
WRD25,convnext_tiny,clean,35,0.07312193512916565
WRD25,convnext_tiny,clean,36,0.012945793569087982
WRD25,convnext_tiny,clean,37,0.015076887793838978
WRD25,convnext_tiny,clean,38,-0.06563778221607208
WRD25,convnext_tiny,clean,39,-0.06830704212188721
WRD25,convnext_tiny,clean,40,0.29517388343811035
WRD25,convnext_tiny,clean,41,0.06639629602432251
WRD25,convnext_tiny,clean,42,-0.3121252655982971
WRD25,convnext_tiny,clean,43,0.13906514644622803
WRD25,convnext_tiny,clean,44,0.01291544921696186
WRD25,convnext_tiny,clean,45,0.346478134393692
WRD25,convnext_tiny,clean,46,-0.047512199729681015
WRD25,convnext_tiny,clean,47,-0.037074871361255646
WRD25,convnext_tiny,clean,48,-0.018475499004125595
WRD25,convnext_tiny,clean,49,-0.02395060285925865
WRD25,convnext_tiny,clean,50,0.0295025035738945
WRD25,convnext_tiny,clean,51,0.053206585347652435
WRD25,convnext_tiny,clean,52,0.0
WRD25,convnext_tiny,clean,53,-0.017463408410549164
WRD25,convnext_tiny,clean,54,0.0
WRD25,convnext_tiny,clean,55,0.10552003234624863
WRD25,convnext_tiny,clean,56,0.22303947806358337
WRD25,convnext_tiny,clean,57,0.19916577637195587
WRD25,convnext_tiny,clean,58,0.017374958842992783
WRD25,convnext_tiny,clean,59,0.08527833223342896
WRD25,convnext_tiny,clean,60,0.17367199063301086
WRD25,convnext_tiny,clean,61,0.0
WRD25,convnext_tiny,clean,62,0.10234279930591583
WRD25,convnext_tiny,clean,63,-0.015487093478441238
WRD25,convnext_tiny,clean,64,0.08518718183040619
WRD25,convnext_tiny,clean,65,0.016128141433000565
WRD25,convnext_tiny,clean,66,0.3628411591053009
WRD25,convnext_tiny,clean,67,-0.013688177801668644
WRD25,convnext_tiny,clean,68,0.07642656564712524
WRD25,convnext_tiny,clean,69,0.0
WRD25,convnext_tiny,clean,70,0.03702867776155472
WRD25,convnext_tiny,clean,71,0.29880163073539734
WRD25,convnext_tiny,clean,72,0.16211774945259094
WRD25,convnext_tiny,clean,73,0.07126756757497787
WRD25,convnext_tiny,clean,74,0.13292822241783142
WRD25,convnext_tiny,clean,75,0.0
WRD25,convnext_tiny,clean,76,0.05677616968750954
WRD25,convnext_tiny,clean,77,0.0
WRD25,convnext_tiny,clean,78,0.15313127636909485
WRD25,convnext_tiny,clean,79,0.0974593535065651
WRD25,convnext_tiny,clean,80,-0.10407455265522003
WRD25,convnext_tiny,clean,81,0.05157990753650665
WRD25,convnext_tiny,clean,82,0.019115064293146133
WRD25,convnext_tiny,clean,83,-0.10024169832468033
WRD25,convnext_tiny,clean,84,0.23615440726280212
WRD25,convnext_tiny,clean,85,0.02596253715455532
WRD25,convnext_tiny,clean,86,0.019351297989487648
WRD25,convnext_tiny,clean,87,0.1051425039768219
WRD25,convnext_tiny,clean,88,0.15212780237197876
WRD25,convnext_tiny,clean,89,-0.11626841127872467
WRD25,convnext_tiny,clean,90,0.0
WRD25,convnext_tiny,clean,91,-0.03759830445051193
WRD25,convnext_tiny,clean,92,0.0
WRD25,convnext_tiny,clean,93,0.0
WRD25,convnext_tiny,clean,94,0.07169736176729202
WRD25,convnext_tiny,clean,95,-0.008133470080792904
WRD25,convnext_tiny,clean,96,0.0552554614841938
WRD25,convnext_tiny,clean,97,0.00907089188694954
WRD25,convnext_tiny,clean,98,-0.24912075698375702
WRD25,convnext_tiny,clean,99,0.037045918405056
WRD25,convnext_tiny,clean,100,0.06128593906760216
WRD25,convnext_tiny,clean,101,-0.30390116572380066
WRD25,convnext_tiny,clean,102,-0.00792818982154131
WRD25,convnext_tiny,clean,103,-0.014700007624924183
WRD25,convnext_tiny,clean,104,-0.05077863112092018
WRD25,convnext_tiny,clean,105,-0.03434403985738754
WRD25,convnext_tiny,clean,106,-0.08156219124794006
WRD25,convnext_tiny,clean,107,-0.10806067287921906
WRD25,convnext_tiny,clean,108,-0.07344471663236618
WRD25,convnext_tiny,clean,109,0.05115622282028198
WRD25,convnext_tiny,clean,110,-0.029866741970181465
WRD25,convnext_tiny,clean,111,-0.00020995918021071702
WRD25,convnext_tiny,clean,112,-0.045017994940280914
WRD25,convnext_tiny,clean,113,-0.00896388664841652
WRD25,convnext_tiny,clean,114,0.07232370227575302
WRD25,convnext_tiny,clean,115,-0.21525752544403076
WRD25,convnext_tiny,clean,116,-0.06010085716843605
WRD25,convnext_tiny,clean,117,-0.10384199768304825
WRD25,convnext_tiny,clean,118,0.0014543365687131882
WRD25,convnext_tiny,clean,119,-0.001955213025212288
WRD25,convnext_tiny,clean,120,0.18856756389141083
WRD25,convnext_tiny,clean,121,0.03260324150323868
WRD25,convnext_tiny,clean,122,-0.03164906054735184
WRD25,convnext_tiny,clean,123,-0.013622533529996872
WRD25,convnext_tiny,clean,124,-0.019939342513680458
WRD25,convnext_tiny,clean,125,0.12858040630817413
WRD25,convnext_tiny,clean,126,0.1312485784292221
WRD25,convnext_tiny,clean,127,0.054810699075460434
WRD25,convnext_tiny,clean,128,0.08291295915842056
WRD25,convnext_tiny,clean,129,-0.016083138063549995
WRD25,convnext_tiny,clean,130,0.0
WRD25,convnext_tiny,clean,131,0.02836276963353157
WRD25,convnext_tiny,clean,132,-0.04271820932626724
WRD25,convnext_tiny,clean,133,0.1025993749499321
WRD25,convnext_tiny,clean,134,-0.09118963778018951
WRD25,convnext_tiny,clean,135,0.16709671914577484
WRD25,convnext_tiny,clean,136,0.08275814354419708
WRD25,convnext_tiny,clean,137,0.022296199575066566
WRD25,convnext_tiny,clean,138,0.10211864858865738
WRD25,convnext_tiny,clean,139,0.022636588662862778
WRD25,convnext_tiny,clean,140,-0.03279411047697067
WRD25,convnext_tiny,clean,141,-0.11017065495252609
WRD25,convnext_tiny,clean,142,0.0
WRD25,convnext_tiny,clean,143,0.0
WRD25,convnext_tiny,clean,144,-0.05613895505666733
WRD25,convnext_tiny,clean,145,-0.031477201730012894
WRD25,convnext_tiny,clean,146,-0.025056807324290276
WRD25,convnext_tiny,clean,147,-0.05168871954083443
WRD25,convnext_tiny,clean,148,-0.018412230536341667
WRD25,convnext_tiny,clean,149,0.10015414655208588
WRD25,convnext_tiny,clean,150,0.13758380711078644
WRD25,convnext_tiny,clean,151,-0.06397217512130737
WRD25,convnext_tiny,clean,152,0.21673238277435303
WRD25,convnext_tiny,clean,153,-0.03667487949132919
WRD25,convnext_tiny,clean,154,0.10126874595880508
WRD25,convnext_tiny,clean,155,0.06684258580207825
WRD25,convnext_tiny,clean,156,0.07390332967042923
WRD25,convnext_tiny,clean,157,0.04541623964905739
WRD25,convnext_tiny,clean,158,0.10056036710739136
WRD25,convnext_tiny,clean,159,-0.038929685950279236
WRD25,convnext_tiny,clean,160,0.20404469966888428
WRD25,convnext_tiny,clean,161,0.05870944634079933
WRD25,convnext_tiny,clean,162,-0.06475921720266342
WRD25,convnext_tiny,clean,163,-0.046931713819503784
WRD25,convnext_tiny,clean,164,-0.005268868058919907
WRD25,convnext_tiny,clean,165,0.09264927357435226
WRD25,convnext_tiny,clean,166,0.07059924304485321
WRD25,convnext_tiny,clean,167,-0.04556974023580551
WRD25,convnext_tiny,clean,168,0.06247133016586304
WRD25,convnext_tiny,clean,169,0.00744521152228117
WRD25,convnext_tiny,clean,170,-0.035988930612802505
WRD25,convnext_tiny,clean,171,0.008530862629413605
WRD25,convnext_tiny,clean,172,0.0025748538319021463
WRD25,convnext_tiny,clean,173,0.0
WRD25,convnext_tiny,clean,174,0.010074230842292309
WRD25,convnext_tiny,clean,175,-0.06537855416536331
WRD25,convnext_tiny,clean,176,0.039004433900117874
WRD25,convnext_tiny,clean,177,-0.06489387154579163
WRD25,convnext_tiny,clean,178,0.007260092534124851
WRD25,convnext_tiny,clean,179,0.06464234739542007
WRD25,convnext_tiny,clean,180,-0.09363548457622528
WRD25,convnext_tiny,clean,181,-0.030016472563147545
WRD25,convnext_tiny,clean,182,0.16213984787464142
WRD25,convnext_tiny,clean,183,0.008084774017333984
WRD25,convnext_tiny,clean,184,-0.05219675973057747
WRD25,convnext_tiny,clean,185,0.07335274666547775
WRD25,convnext_tiny,clean,186,-0.014565273188054562
WRD25,convnext_tiny,clean,187,-0.08697130531072617
WRD25,convnext_tiny,clean,188,-0.03083663061261177
WRD25,convnext_tiny,clean,189,-0.007927668280899525
WRD25,convnext_tiny,clean,190,0.053786568343639374
WRD25,convnext_tiny,clean,191,0.03266885504126549
WRD25,convnext_tiny,clean,192,0.006282159127295017
WRD25,convnext_tiny,clean,193,-0.11389077454805374
WRD25,convnext_tiny,clean,194,0.006258861161768436
WRD25,convnext_tiny,clean,195,0.006145887076854706
WRD25,convnext_tiny,clean,196,0.007071138825267553
WRD25,convnext_tiny,clean,197,-0.014548376202583313
WRD25,convnext_tiny,clean,198,0.010986877605319023
WRD25,convnext_tiny,clean,199,0.00492426473647356
WRD25,swin_tiny,clean,0,-0.1003008633852005
WRD25,swin_tiny,clean,1,0.010046183131635189
WRD25,swin_tiny,clean,2,-0.07435972988605499
WRD25,swin_tiny,clean,3,0.07020933926105499
WRD25,swin_tiny,clean,4,-0.007283163256943226
WRD25,swin_tiny,clean,5,-0.010657702572643757
WRD25,swin_tiny,clean,6,0.0429382361471653
WRD25,swin_tiny,clean,7,-0.03736076131463051
WRD25,swin_tiny,clean,8,-0.211805522441864
WRD25,swin_tiny,clean,9,0.08500426262617111
WRD25,swin_tiny,clean,10,0.06630004942417145
WRD25,swin_tiny,clean,11,0.09044154733419418
WRD25,swin_tiny,clean,12,-0.10589810460805893
WRD25,swin_tiny,clean,13,0.060989487916231155
WRD25,swin_tiny,clean,14,0.07624498009681702
WRD25,swin_tiny,clean,15,0.07875112444162369
WRD25,swin_tiny,clean,16,0.057771921157836914
WRD25,swin_tiny,clean,17,0.051968254148960114
WRD25,swin_tiny,clean,18,-0.09275998175144196
WRD25,swin_tiny,clean,19,-0.1744399517774582
WRD25,swin_tiny,clean,20,-0.06066190078854561
WRD25,swin_tiny,clean,21,-0.11746841669082642
WRD25,swin_tiny,clean,22,-0.1581314504146576
WRD25,swin_tiny,clean,23,-0.11710243672132492
WRD25,swin_tiny,clean,24,-0.07201459258794785
WRD25,swin_tiny,clean,25,-0.00247752433642745
WRD25,swin_tiny,clean,26,-0.06581418216228485
WRD25,swin_tiny,clean,27,0.14443431794643402
WRD25,swin_tiny,clean,28,0.1271934062242508
WRD25,swin_tiny,clean,29,0.11533168703317642
WRD25,swin_tiny,clean,30,0.03623633459210396
WRD25,swin_tiny,clean,31,0.15561074018478394
WRD25,swin_tiny,clean,32,-0.11275190860033035
WRD25,swin_tiny,clean,33,-0.10808570683002472
WRD25,swin_tiny,clean,34,-0.18305452167987823
WRD25,swin_tiny,clean,35,-0.17453168332576752
WRD25,swin_tiny,clean,36,-0.1790667176246643
WRD25,swin_tiny,clean,37,-0.009766764007508755
WRD25,swin_tiny,clean,38,-0.09122258424758911
WRD25,swin_tiny,clean,39,-0.0750511884689331
WRD25,swin_tiny,clean,40,-0.07215417176485062
WRD25,swin_tiny,clean,41,-0.19290165603160858
WRD25,swin_tiny,clean,42,-0.038485050201416016
WRD25,swin_tiny,clean,43,-0.14963778853416443
WRD25,swin_tiny,clean,44,0.0874469056725502
WRD25,swin_tiny,clean,45,-0.1042841225862503
WRD25,swin_tiny,clean,46,0.12111181020736694
WRD25,swin_tiny,clean,47,-0.14263159036636353
WRD25,swin_tiny,clean,48,0.17360085248947144
WRD25,swin_tiny,clean,49,0.03521215543150902
WRD25,swin_tiny,clean,50,-0.17464026808738708
WRD25,swin_tiny,clean,51,0.04633769392967224
WRD25,swin_tiny,clean,52,-0.10669143497943878
WRD25,swin_tiny,clean,53,0.08139121532440186
WRD25,swin_tiny,clean,54,0.15692861378192902
WRD25,swin_tiny,clean,55,-0.1030626893043518
WRD25,swin_tiny,clean,56,0.10247179120779037
WRD25,swin_tiny,clean,57,0.1108870804309845
WRD25,swin_tiny,clean,58,0.07156876474618912
WRD25,swin_tiny,clean,59,0.21518829464912415
WRD25,swin_tiny,clean,60,0.1311657428741455
WRD25,swin_tiny,clean,61,0.16146604716777802
WRD25,swin_tiny,clean,62,0.10429632663726807
WRD25,swin_tiny,clean,63,0.07812114804983139
WRD25,swin_tiny,clean,64,0.075368732213974
WRD25,swin_tiny,clean,65,0.11140936613082886
WRD25,swin_tiny,clean,66,0.18392837047576904
WRD25,swin_tiny,clean,67,0.2927871644496918
WRD25,swin_tiny,clean,68,-0.02408374659717083
WRD25,swin_tiny,clean,69,0.09936147183179855
WRD25,swin_tiny,clean,70,-0.022924743592739105
WRD25,swin_tiny,clean,71,-0.13870225846767426
WRD25,swin_tiny,clean,72,-0.20402628183364868
WRD25,swin_tiny,clean,73,0.08752768486738205
WRD25,swin_tiny,clean,74,0.14503586292266846
WRD25,swin_tiny,clean,75,-0.11166107654571533
WRD25,swin_tiny,clean,76,0.1998465210199356
WRD25,swin_tiny,clean,77,0.1285763531923294
WRD25,swin_tiny,clean,78,0.11378463357686996
WRD25,swin_tiny,clean,79,0.09672558307647705
WRD25,swin_tiny,clean,80,-0.17024406790733337
WRD25,swin_tiny,clean,81,-0.07400957494974136
WRD25,swin_tiny,clean,82,-0.153251051902771
WRD25,swin_tiny,clean,83,-0.10682767629623413
WRD25,swin_tiny,clean,84,-0.07187612354755402
WRD25,swin_tiny,clean,85,-0.1544945240020752
WRD25,swin_tiny,clean,86,0.16636969149112701
WRD25,swin_tiny,clean,87,-0.17056578397750854
WRD25,swin_tiny,clean,88,0.12637381255626678
WRD25,swin_tiny,clean,89,-0.02811795100569725
WRD25,swin_tiny,clean,90,-0.07392830401659012
WRD25,swin_tiny,clean,91,-0.06039590388536453
WRD25,swin_tiny,clean,92,0.024300044402480125
WRD25,swin_tiny,clean,93,-0.03685712814331055
WRD25,swin_tiny,clean,94,-0.17044195532798767
WRD25,swin_tiny,clean,95,-0.14488936960697174
WRD25,swin_tiny,clean,96,-0.04578183963894844
WRD25,swin_tiny,clean,97,-0.12380446493625641
WRD25,swin_tiny,clean,98,-0.14006231725215912
WRD25,swin_tiny,clean,99,0.04903631657361984
WRD25,swin_tiny,clean,100,0.14480403065681458
WRD25,swin_tiny,clean,101,0.13815975189208984
WRD25,swin_tiny,clean,102,0.20330803096294403
WRD25,swin_tiny,clean,103,0.1979968547821045
WRD25,swin_tiny,clean,104,-0.13355357944965363
WRD25,swin_tiny,clean,105,0.14569251239299774
WRD25,swin_tiny,clean,106,-0.1310204714536667
WRD25,swin_tiny,clean,107,0.02186814695596695
WRD25,swin_tiny,clean,108,0.09125902503728867
WRD25,swin_tiny,clean,109,0.13973191380500793
WRD25,swin_tiny,clean,110,0.15698248147964478
WRD25,swin_tiny,clean,111,-0.08605444431304932
WRD25,swin_tiny,clean,112,-0.1219816729426384
WRD25,swin_tiny,clean,113,0.058632705360651016
WRD25,swin_tiny,clean,114,-0.11094950884580612
WRD25,swin_tiny,clean,115,-0.1857011318206787
WRD25,swin_tiny,clean,116,-0.15983691811561584
WRD25,swin_tiny,clean,117,-0.11069712042808533
WRD25,swin_tiny,clean,118,-0.2002786546945572
WRD25,swin_tiny,clean,119,0.07950820028781891
WRD25,swin_tiny,clean,120,-0.044901907444000244
WRD25,swin_tiny,clean,121,0.07270413637161255
WRD25,swin_tiny,clean,122,-0.2070968747138977
WRD25,swin_tiny,clean,123,0.04962620884180069
WRD25,swin_tiny,clean,124,0.0024212661664932966
WRD25,swin_tiny,clean,125,0.2516607642173767
WRD25,swin_tiny,clean,126,-0.05212896317243576
WRD25,swin_tiny,clean,127,0.05834851786494255
WRD25,swin_tiny,clean,128,0.06310360133647919
WRD25,swin_tiny,clean,129,0.10527919232845306
WRD25,swin_tiny,clean,130,-0.03503984212875366
WRD25,swin_tiny,clean,131,0.11008087545633316
WRD25,swin_tiny,clean,132,0.1269661784172058
WRD25,swin_tiny,clean,133,-0.11984696984291077
WRD25,swin_tiny,clean,134,0.06550877541303635
WRD25,swin_tiny,clean,135,0.031825512647628784
WRD25,swin_tiny,clean,136,0.04726593941450119
WRD25,swin_tiny,clean,137,0.04390436410903931
WRD25,swin_tiny,clean,138,-0.17845414578914642
WRD25,swin_tiny,clean,139,-0.14568361639976501
WRD25,swin_tiny,clean,140,-0.00887654535472393
WRD25,swin_tiny,clean,141,-0.16331267356872559
WRD25,swin_tiny,clean,142,-0.18396663665771484
WRD25,swin_tiny,clean,143,-0.18712715804576874
WRD25,swin_tiny,clean,144,0.09623593837022781
WRD25,swin_tiny,clean,145,-0.07670627534389496
WRD25,swin_tiny,clean,146,0.08128389716148376
WRD25,swin_tiny,clean,147,0.032799385488033295
WRD25,swin_tiny,clean,148,-0.14704827964305878
WRD25,swin_tiny,clean,149,-0.1061004027724266
WRD25,swin_tiny,clean,150,-0.1244797632098198
WRD25,swin_tiny,clean,151,-0.10090190172195435
WRD25,swin_tiny,clean,152,0.09656563401222229
WRD25,swin_tiny,clean,153,0.13689860701560974
WRD25,swin_tiny,clean,154,0.09299029409885406
WRD25,swin_tiny,clean,155,-0.12201373279094696
WRD25,swin_tiny,clean,156,0.08596894890069962
WRD25,swin_tiny,clean,157,-0.15608258545398712
WRD25,swin_tiny,clean,158,-0.003719920990988612
WRD25,swin_tiny,clean,159,-0.06665032356977463
WRD25,swin_tiny,clean,160,0.12549978494644165
WRD25,swin_tiny,clean,161,-0.1895771622657776
WRD25,swin_tiny,clean,162,0.09439678490161896
WRD25,swin_tiny,clean,163,-0.10388695448637009
WRD25,swin_tiny,clean,164,-0.09572426974773407
WRD25,swin_tiny,clean,165,-0.10153110325336456
WRD25,swin_tiny,clean,166,0.1310410052537918
WRD25,swin_tiny,clean,167,0.1652882844209671
WRD25,swin_tiny,clean,168,0.11158721148967743
WRD25,swin_tiny,clean,169,0.07706453651189804
WRD25,swin_tiny,clean,170,0.12387746572494507
WRD25,swin_tiny,clean,171,-0.11083056032657623
WRD25,swin_tiny,clean,172,-0.09238351881504059
WRD25,swin_tiny,clean,173,0.15257394313812256
WRD25,swin_tiny,clean,174,-0.08348048478364944
WRD25,swin_tiny,clean,175,-0.11269717663526535
WRD25,swin_tiny,clean,176,-0.06999646872282028
WRD25,swin_tiny,clean,177,-0.040453001856803894
WRD25,swin_tiny,clean,178,-0.20132414996623993
WRD25,swin_tiny,clean,179,0.09747394174337387
WRD25,swin_tiny,clean,180,0.12421722710132599
WRD25,swin_tiny,clean,181,0.14892663061618805
WRD25,swin_tiny,clean,182,-0.06970398128032684
WRD25,swin_tiny,clean,183,-0.11699715256690979
WRD25,swin_tiny,clean,184,-0.07229401171207428
WRD25,swin_tiny,clean,185,-0.1336125135421753
WRD25,swin_tiny,clean,186,-0.15072955191135406
WRD25,swin_tiny,clean,187,0.14765648543834686
WRD25,swin_tiny,clean,188,-0.09297490864992142
WRD25,swin_tiny,clean,189,-0.06128731369972229
WRD25,swin_tiny,clean,190,-0.00270159263163805
WRD25,swin_tiny,clean,191,0.09824464470148087
WRD25,swin_tiny,clean,192,-0.06460306793451309
WRD25,swin_tiny,clean,193,-0.055877331644296646
WRD25,swin_tiny,clean,194,-0.22653162479400635
WRD25,swin_tiny,clean,195,0.09480851888656616
WRD25,swin_tiny,clean,196,0.15074099600315094
WRD25,swin_tiny,clean,197,-0.13432078063488007
WRD25,swin_tiny,clean,198,0.02534082904458046
WRD25,swin_tiny,clean,199,-0.12902826070785522
WRD25,dinov2_b,clean,0,0.022412139922380447
WRD25,dinov2_b,clean,1,0.014403529465198517
WRD25,dinov2_b,clean,2,0.016053808853030205
WRD25,dinov2_b,clean,3,0.002399346325546503
WRD25,dinov2_b,clean,4,0.013689681887626648
WRD25,dinov2_b,clean,5,0.017876381054520607
WRD25,dinov2_b,clean,6,0.036329492926597595
WRD25,dinov2_b,clean,7,0.019012298434972763
WRD25,dinov2_b,clean,8,0.0212654210627079
WRD25,dinov2_b,clean,9,0.019247055053710938
WRD25,dinov2_b,clean,10,0.05238562822341919
WRD25,dinov2_b,clean,11,0.031318292021751404
WRD25,dinov2_b,clean,12,0.02935400791466236
WRD25,dinov2_b,clean,13,0.024915408343076706
WRD25,dinov2_b,clean,14,0.017345286905765533
WRD25,dinov2_b,clean,15,0.028761200606822968
WRD25,dinov2_b,clean,16,0.02132665552198887
WRD25,dinov2_b,clean,17,0.030815334990620613
WRD25,dinov2_b,clean,18,0.025974050164222717
WRD25,dinov2_b,clean,19,0.01194172352552414
WRD25,dinov2_b,clean,20,0.027292244136333466
WRD25,dinov2_b,clean,21,0.016903072595596313
WRD25,dinov2_b,clean,22,0.04307575523853302
WRD25,dinov2_b,clean,23,0.029113950207829475
WRD25,dinov2_b,clean,24,0.02406136319041252
WRD25,dinov2_b,clean,25,0.02371150813996792
WRD25,dinov2_b,clean,26,0.06403188407421112
WRD25,dinov2_b,clean,27,0.04040177911520004
WRD25,dinov2_b,clean,28,0.03678276389837265
WRD25,dinov2_b,clean,29,0.01674414984881878
WRD25,dinov2_b,clean,30,0.015560121275484562
WRD25,dinov2_b,clean,31,0.06761868298053741
WRD25,dinov2_b,clean,32,0.05323817580938339
WRD25,dinov2_b,clean,33,0.0341079905629158
WRD25,dinov2_b,clean,34,0.027263399213552475
WRD25,dinov2_b,clean,35,0.025999389588832855
WRD25,dinov2_b,clean,36,0.0445064902305603
WRD25,dinov2_b,clean,37,0.029785234481096268
WRD25,dinov2_b,clean,38,0.047195613384246826
WRD25,dinov2_b,clean,39,0.07018430531024933
WRD25,dinov2_b,clean,40,0.05659038946032524
WRD25,dinov2_b,clean,41,0.03657674789428711
WRD25,dinov2_b,clean,42,0.056543052196502686
WRD25,dinov2_b,clean,43,0.04202083498239517
WRD25,dinov2_b,clean,44,0.04317992925643921
WRD25,dinov2_b,clean,45,0.0673990398645401
WRD25,dinov2_b,clean,46,0.041208554059267044
WRD25,dinov2_b,clean,47,0.03304194658994675
WRD25,dinov2_b,clean,48,0.02762569487094879
WRD25,dinov2_b,clean,49,0.033990561962127686
WRD25,dinov2_b,clean,50,0.04175020009279251
WRD25,dinov2_b,clean,51,0.031948890537023544
WRD25,dinov2_b,clean,52,0.03361060470342636
WRD25,dinov2_b,clean,53,0.02180166356265545
WRD25,dinov2_b,clean,54,0.04147231578826904
WRD25,dinov2_b,clean,55,0.03213294968008995
WRD25,dinov2_b,clean,56,0.03835129737854004
WRD25,dinov2_b,clean,57,0.022696081548929214
WRD25,dinov2_b,clean,58,0.016847342252731323
WRD25,dinov2_b,clean,59,0.03132537007331848
WRD25,dinov2_b,clean,60,0.019650377333164215
WRD25,dinov2_b,clean,61,0.02242305874824524
WRD25,dinov2_b,clean,62,0.039409950375556946
WRD25,dinov2_b,clean,63,0.018360497429966927
WRD25,dinov2_b,clean,64,0.05045854300260544
WRD25,dinov2_b,clean,65,0.04870132729411125
WRD25,dinov2_b,clean,66,0.033630769699811935
WRD25,dinov2_b,clean,67,0.06448710709810257
WRD25,dinov2_b,clean,68,0.053164225071668625
WRD25,dinov2_b,clean,69,0.027181673794984818
WRD25,dinov2_b,clean,70,0.005385539960116148
WRD25,dinov2_b,clean,71,0.04524658992886543
WRD25,dinov2_b,clean,72,0.03250283747911453
WRD25,dinov2_b,clean,73,0.016588861122727394
WRD25,dinov2_b,clean,74,0.012330245226621628
WRD25,dinov2_b,clean,75,0.0015702489763498306
WRD25,dinov2_b,clean,76,0.020563771948218346
WRD25,dinov2_b,clean,77,0.007896430790424347
WRD25,dinov2_b,clean,78,0.018433120101690292
WRD25,dinov2_b,clean,79,0.006113756448030472
WRD25,dinov2_b,clean,80,0.0060737100429832935
WRD25,dinov2_b,clean,81,0.04732117801904678
WRD25,dinov2_b,clean,82,0.061199676245450974
WRD25,dinov2_b,clean,83,0.04545927792787552
WRD25,dinov2_b,clean,84,0.007380292285233736
WRD25,dinov2_b,clean,85,0.01837826520204544
WRD25,dinov2_b,clean,86,0.018893882632255554
WRD25,dinov2_b,clean,87,0.03122900053858757
WRD25,dinov2_b,clean,88,0.03849433362483978
WRD25,dinov2_b,clean,89,0.04507850855588913
WRD25,dinov2_b,clean,90,0.02115100994706154
WRD25,dinov2_b,clean,91,0.04211024194955826
WRD25,dinov2_b,clean,92,0.029810938984155655
WRD25,dinov2_b,clean,93,0.019633863121271133
WRD25,dinov2_b,clean,94,0.020582692697644234
WRD25,dinov2_b,clean,95,0.023413335904479027
WRD25,dinov2_b,clean,96,0.027807265520095825
WRD25,dinov2_b,clean,97,0.0431453101336956
WRD25,dinov2_b,clean,98,0.02315918356180191
WRD25,dinov2_b,clean,99,0.011522876098752022
WRD25,dinov2_b,clean,100,0.02239556610584259
WRD25,dinov2_b,clean,101,0.030508335679769516
WRD25,dinov2_b,clean,102,0.01194737944751978
WRD25,dinov2_b,clean,103,0.03491605073213577
WRD25,dinov2_b,clean,104,0.01739851012825966
WRD25,dinov2_b,clean,105,0.024496590718626976
WRD25,dinov2_b,clean,106,0.01689739152789116
WRD25,dinov2_b,clean,107,0.06221318989992142
WRD25,dinov2_b,clean,108,0.04696190357208252
WRD25,dinov2_b,clean,109,0.07013750076293945
WRD25,dinov2_b,clean,110,0.04686939716339111
WRD25,dinov2_b,clean,111,0.06120356544852257
WRD25,dinov2_b,clean,112,0.06465747952461243
WRD25,dinov2_b,clean,113,0.049180902540683746
WRD25,dinov2_b,clean,114,0.03013504669070244
WRD25,dinov2_b,clean,115,0.00532795675098896
WRD25,dinov2_b,clean,116,0.010733588598668575
WRD25,dinov2_b,clean,117,0.009330691769719124
WRD25,dinov2_b,clean,118,-0.015968812629580498
WRD25,dinov2_b,clean,119,-0.0055784848518669605
WRD25,dinov2_b,clean,120,0.030146047472953796
WRD25,dinov2_b,clean,121,0.014581697061657906
WRD25,dinov2_b,clean,122,0.007513569667935371
WRD25,dinov2_b,clean,123,0.00252116029150784
WRD25,dinov2_b,clean,124,0.010774817317724228
WRD25,dinov2_b,clean,125,0.03973129391670227
WRD25,dinov2_b,clean,126,0.0369064025580883
WRD25,dinov2_b,clean,127,0.054974425584077835
WRD25,dinov2_b,clean,128,0.05247647687792778
WRD25,dinov2_b,clean,129,0.030345981940627098
WRD25,dinov2_b,clean,130,0.047722481191158295
WRD25,dinov2_b,clean,131,0.045758433640003204
WRD25,dinov2_b,clean,132,0.045886341482400894
WRD25,dinov2_b,clean,133,0.04590239375829697
WRD25,dinov2_b,clean,134,0.04315369948744774
WRD25,dinov2_b,clean,135,0.025179997086524963
WRD25,dinov2_b,clean,136,0.022210877388715744
WRD25,dinov2_b,clean,137,0.05698247253894806
WRD25,dinov2_b,clean,138,0.031315166503190994
WRD25,dinov2_b,clean,139,0.010283012874424458
WRD25,dinov2_b,clean,140,0.012854473665356636
WRD25,dinov2_b,clean,141,0.007437595631927252
WRD25,dinov2_b,clean,142,0.00929158367216587
WRD25,dinov2_b,clean,143,0.009631684049963951
WRD25,dinov2_b,clean,144,0.04094834625720978
WRD25,dinov2_b,clean,145,0.0276288203895092
WRD25,dinov2_b,clean,146,0.028954673558473587
WRD25,dinov2_b,clean,147,0.036209817975759506
WRD25,dinov2_b,clean,148,0.05052424967288971
WRD25,dinov2_b,clean,149,0.042215004563331604
WRD25,dinov2_b,clean,150,0.034494005143642426
WRD25,dinov2_b,clean,151,0.07257520407438278
WRD25,dinov2_b,clean,152,0.039493635296821594
WRD25,dinov2_b,clean,153,0.009032746776938438
WRD25,dinov2_b,clean,154,0.036958105862140656
WRD25,dinov2_b,clean,155,0.033213235437870026
WRD25,dinov2_b,clean,156,0.011740134097635746
WRD25,dinov2_b,clean,157,0.027095716446638107
WRD25,dinov2_b,clean,158,0.031297147274017334
WRD25,dinov2_b,clean,159,0.031100306659936905
WRD25,dinov2_b,clean,160,0.05403537303209305
WRD25,dinov2_b,clean,161,0.03802065551280975
WRD25,dinov2_b,clean,162,0.040736980736255646
WRD25,dinov2_b,clean,163,0.038100458681583405
WRD25,dinov2_b,clean,164,0.04658850282430649
WRD25,dinov2_b,clean,165,0.027968894690275192
WRD25,dinov2_b,clean,166,0.025795450434088707
WRD25,dinov2_b,clean,167,0.017903592437505722
WRD25,dinov2_b,clean,168,0.04411930590867996
WRD25,dinov2_b,clean,169,0.029947025701403618
WRD25,dinov2_b,clean,170,0.030278539285063744
WRD25,dinov2_b,clean,171,0.029659371823072433
WRD25,dinov2_b,clean,172,0.02433173730969429
WRD25,dinov2_b,clean,173,0.02736716717481613
WRD25,dinov2_b,clean,174,0.0660405382514
WRD25,dinov2_b,clean,175,0.057885393500328064
WRD25,dinov2_b,clean,176,0.05648323893547058
WRD25,dinov2_b,clean,177,0.050300199538469315
WRD25,dinov2_b,clean,178,0.022985951974987984
WRD25,dinov2_b,clean,179,0.03354308009147644
WRD25,dinov2_b,clean,180,0.007249924354255199
WRD25,dinov2_b,clean,181,0.02146267145872116
WRD25,dinov2_b,clean,182,0.04988626018166542
WRD25,dinov2_b,clean,183,0.030908823013305664
WRD25,dinov2_b,clean,184,0.023474236950278282
WRD25,dinov2_b,clean,185,0.024893812835216522
WRD25,dinov2_b,clean,186,0.001222226768732071
WRD25,dinov2_b,clean,187,0.027404282242059708
WRD25,dinov2_b,clean,188,0.06563115119934082
WRD25,dinov2_b,clean,189,0.01830015890300274
WRD25,dinov2_b,clean,190,0.011918557807803154
WRD25,dinov2_b,clean,191,-0.012334965169429779
WRD25,dinov2_b,clean,192,0.02681238390505314
WRD25,dinov2_b,clean,193,0.046251989901065826
WRD25,dinov2_b,clean,194,0.020200040191411972
WRD25,dinov2_b,clean,195,0.027092039585113525
WRD25,dinov2_b,clean,196,0.015461346134543419
WRD25,dinov2_b,clean,197,0.03084544464945793
WRD25,dinov2_b,clean,198,0.0324624627828598
WRD25,dinov2_b,clean,199,0.017402837052941322
WRD25,hrnet32,clean,0,-0.018503380939364433
WRD25,hrnet32,clean,1,0.04546120762825012
WRD25,hrnet32,clean,2,0.0070565249770879745
WRD25,hrnet32,clean,3,0.007091293577104807
WRD25,hrnet32,clean,4,-0.026938151568174362
WRD25,hrnet32,clean,5,0.08530503511428833
WRD25,hrnet32,clean,6,0.12025091797113419
WRD25,hrnet32,clean,7,0.0690804123878479
WRD25,hrnet32,clean,8,0.03915989771485329
WRD25,hrnet32,clean,9,0.11054753512144089
WRD25,hrnet32,clean,10,0.07448379695415497
WRD25,hrnet32,clean,11,0.07610129565000534
WRD25,hrnet32,clean,12,0.006847681012004614
WRD25,hrnet32,clean,13,0.03625204786658287
WRD25,hrnet32,clean,14,0.030972495675086975
WRD25,hrnet32,clean,15,0.015669533982872963
WRD25,hrnet32,clean,16,0.01830259896814823
WRD25,hrnet32,clean,17,-0.015857836231589317
WRD25,hrnet32,clean,18,0.011183930560946465
WRD25,hrnet32,clean,19,0.02283514104783535
WRD25,hrnet32,clean,20,0.005567640531808138
WRD25,hrnet32,clean,21,0.07198158651590347
WRD25,hrnet32,clean,22,0.024005744606256485
WRD25,hrnet32,clean,23,0.0566098690032959
WRD25,hrnet32,clean,24,0.033448476344347
WRD25,hrnet32,clean,25,0.024900633841753006
WRD25,hrnet32,clean,26,0.035437118262052536
WRD25,hrnet32,clean,27,0.008960752747952938
WRD25,hrnet32,clean,28,-0.014984982088208199
WRD25,hrnet32,clean,29,0.014409045688807964
WRD25,hrnet32,clean,30,0.026827853173017502
WRD25,hrnet32,clean,31,0.05746762454509735
WRD25,hrnet32,clean,32,-0.01995975337922573
WRD25,hrnet32,clean,33,0.07023000717163086
WRD25,hrnet32,clean,34,0.05633239448070526
WRD25,hrnet32,clean,35,0.01066192239522934
WRD25,hrnet32,clean,36,0.029447510838508606
WRD25,hrnet32,clean,37,0.055262934416532516
WRD25,hrnet32,clean,38,0.07132449001073837
WRD25,hrnet32,clean,39,0.015713922679424286
WRD25,hrnet32,clean,40,0.014294150285422802
WRD25,hrnet32,clean,41,0.10476944595575333
WRD25,hrnet32,clean,42,0.036797262728214264
WRD25,hrnet32,clean,43,0.025404024869203568
WRD25,hrnet32,clean,44,0.09343010187149048
WRD25,hrnet32,clean,45,0.03717175871133804
WRD25,hrnet32,clean,46,-0.0008382821688428521
WRD25,hrnet32,clean,47,0.04276196286082268
WRD25,hrnet32,clean,48,0.022148579359054565
WRD25,hrnet32,clean,49,0.05752195045351982
WRD25,hrnet32,clean,50,0.01214197464287281
WRD25,hrnet32,clean,51,0.01706174947321415
WRD25,hrnet32,clean,52,0.0292098019272089
WRD25,hrnet32,clean,53,0.000653928320389241
WRD25,hrnet32,clean,54,0.03472823649644852
WRD25,hrnet32,clean,55,0.02673923410475254
WRD25,hrnet32,clean,56,0.04976636543869972
WRD25,hrnet32,clean,57,0.010762854479253292
WRD25,hrnet32,clean,58,0.020383181050419807
WRD25,hrnet32,clean,59,-0.011617541313171387
WRD25,hrnet32,clean,60,-0.001913461135700345
WRD25,hrnet32,clean,61,-0.009612302295863628
WRD25,hrnet32,clean,62,-0.0034041472245007753
WRD25,hrnet32,clean,63,-0.0004078736819792539
WRD25,hrnet32,clean,64,0.008592979051172733
WRD25,hrnet32,clean,65,0.0062852660194039345
WRD25,hrnet32,clean,66,0.02751694805920124
WRD25,hrnet32,clean,67,0.04184907674789429
WRD25,hrnet32,clean,68,0.004813434090465307
WRD25,hrnet32,clean,69,0.015936098992824554
WRD25,hrnet32,clean,70,0.008091097697615623
WRD25,hrnet32,clean,71,0.02806125208735466
WRD25,hrnet32,clean,72,0.009460914880037308
WRD25,hrnet32,clean,73,-0.027841001749038696
WRD25,hrnet32,clean,74,0.03207121044397354
WRD25,hrnet32,clean,75,0.024570347741246223
WRD25,hrnet32,clean,76,0.10715728253126144
WRD25,hrnet32,clean,77,0.03071410581469536
WRD25,hrnet32,clean,78,0.05273992195725441
WRD25,hrnet32,clean,79,-0.007938518188893795
WRD25,hrnet32,clean,80,0.06481128931045532
WRD25,hrnet32,clean,81,0.020803656429052353
WRD25,hrnet32,clean,82,0.032778527587652206
WRD25,hrnet32,clean,83,0.01804947294294834
WRD25,hrnet32,clean,84,0.03742099925875664
WRD25,hrnet32,clean,85,0.03965902328491211
WRD25,hrnet32,clean,86,-0.006194985471665859
WRD25,hrnet32,clean,87,0.05664142966270447
WRD25,hrnet32,clean,88,0.01020213682204485
WRD25,hrnet32,clean,89,-0.009360197000205517
WRD25,hrnet32,clean,90,0.02925041690468788
WRD25,hrnet32,clean,91,0.029789704829454422
WRD25,hrnet32,clean,92,0.018429040908813477
WRD25,hrnet32,clean,93,0.05017511546611786
WRD25,hrnet32,clean,94,0.04315737634897232
WRD25,hrnet32,clean,95,-0.03724750131368637
WRD25,hrnet32,clean,96,0.03474757820367813
WRD25,hrnet32,clean,97,0.010011410340666771
WRD25,hrnet32,clean,98,0.019847111776471138
WRD25,hrnet32,clean,99,0.028895452618598938
WRD25,hrnet32,clean,100,0.012310052290558815
WRD25,hrnet32,clean,101,0.06234392523765564
WRD25,hrnet32,clean,102,0.02090347558259964
WRD25,hrnet32,clean,103,0.06748757511377335
WRD25,hrnet32,clean,104,0.023938393220305443
WRD25,hrnet32,clean,105,0.006465632002800703
WRD25,hrnet32,clean,106,-0.0012897630222141743
WRD25,hrnet32,clean,107,-0.00849304348230362
WRD25,hrnet32,clean,108,0.042080096900463104
WRD25,hrnet32,clean,109,0.02396392822265625
WRD25,hrnet32,clean,110,0.02230829931795597
WRD25,hrnet32,clean,111,0.03658964857459068
WRD25,hrnet32,clean,112,0.033110275864601135
WRD25,hrnet32,clean,113,0.017465684562921524
WRD25,hrnet32,clean,114,0.027648229151964188
WRD25,hrnet32,clean,115,0.04789605364203453
WRD25,hrnet32,clean,116,0.08725092560052872
WRD25,hrnet32,clean,117,0.05613156408071518
WRD25,hrnet32,clean,118,0.02835809625685215
WRD25,hrnet32,clean,119,0.03663171827793121
WRD25,hrnet32,clean,120,0.018086284399032593
WRD25,hrnet32,clean,121,0.05094115436077118
WRD25,hrnet32,clean,122,0.03461439907550812
WRD25,hrnet32,clean,123,0.02567816711962223
WRD25,hrnet32,clean,124,0.028250589966773987
WRD25,hrnet32,clean,125,0.07105394452810287
WRD25,hrnet32,clean,126,0.004858742468059063
WRD25,hrnet32,clean,127,0.019167138263583183
WRD25,hrnet32,clean,128,0.011308841407299042
WRD25,hrnet32,clean,129,0.008042501285672188
WRD25,hrnet32,clean,130,0.05518551170825958
WRD25,hrnet32,clean,131,-0.0017423192039132118
WRD25,hrnet32,clean,132,0.059113822877407074
WRD25,hrnet32,clean,133,-0.01654280535876751
WRD25,hrnet32,clean,134,0.03144855424761772
WRD25,hrnet32,clean,135,0.01483706571161747
WRD25,hrnet32,clean,136,0.06729854643344879
WRD25,hrnet32,clean,137,0.08168179541826248
WRD25,hrnet32,clean,138,0.06256900727748871
WRD25,hrnet32,clean,139,0.011210473254323006
WRD25,hrnet32,clean,140,0.016641534864902496
WRD25,hrnet32,clean,141,0.03238871321082115
WRD25,hrnet32,clean,142,0.0631721243262291
WRD25,hrnet32,clean,143,0.03495774790644646
WRD25,hrnet32,clean,144,0.024950901046395302
WRD25,hrnet32,clean,145,0.012228020466864109
WRD25,hrnet32,clean,146,0.023960964754223824
WRD25,hrnet32,clean,147,0.013630010187625885
WRD25,hrnet32,clean,148,0.030505139380693436
WRD25,hrnet32,clean,149,0.04243908077478409
WRD25,hrnet32,clean,150,0.015667391940951347
WRD25,hrnet32,clean,151,0.0023177838884294033
WRD25,hrnet32,clean,152,0.019695088267326355
WRD25,hrnet32,clean,153,0.015971096232533455
WRD25,hrnet32,clean,154,0.03003174625337124
WRD25,hrnet32,clean,155,0.08359403163194656
WRD25,hrnet32,clean,156,0.017686674371361732
WRD25,hrnet32,clean,157,0.0011264909990131855
WRD25,hrnet32,clean,158,0.04061099514365196
WRD25,hrnet32,clean,159,0.04879288747906685
WRD25,hrnet32,clean,160,-0.024659520015120506
WRD25,hrnet32,clean,161,-0.016823118552565575
WRD25,hrnet32,clean,162,0.005212584510445595
WRD25,hrnet32,clean,163,0.06881577521562576
WRD25,hrnet32,clean,164,0.001918132766149938
WRD25,hrnet32,clean,165,0.050071727484464645
WRD25,hrnet32,clean,166,-0.03553607687354088
WRD25,hrnet32,clean,167,0.0031263011042028666
WRD25,hrnet32,clean,168,-0.005131461191922426
WRD25,hrnet32,clean,169,0.0238262340426445
WRD25,hrnet32,clean,170,0.046093814074993134
WRD25,hrnet32,clean,171,0.04868655279278755
WRD25,hrnet32,clean,172,0.02220124565064907
WRD25,hrnet32,clean,173,0.03375370055437088
WRD25,hrnet32,clean,174,0.02817169576883316
WRD25,hrnet32,clean,175,0.04967803508043289
WRD25,hrnet32,clean,176,0.010854518041014671
WRD25,hrnet32,clean,177,0.08302987366914749
WRD25,hrnet32,clean,178,0.04342903941869736
WRD25,hrnet32,clean,179,0.08481208980083466
WRD25,hrnet32,clean,180,0.06390867382287979
WRD25,hrnet32,clean,181,0.04190751537680626
WRD25,hrnet32,clean,182,0.009032809175550938
WRD25,hrnet32,clean,183,0.019050495699048042
WRD25,hrnet32,clean,184,0.04001292958855629
WRD25,hrnet32,clean,185,0.01712111383676529
WRD25,hrnet32,clean,186,-0.009625332430005074
WRD25,hrnet32,clean,187,0.02420959249138832
WRD25,hrnet32,clean,188,0.1794535517692566
WRD25,hrnet32,clean,189,0.10103943943977356
WRD25,hrnet32,clean,190,0.010072307661175728
WRD25,hrnet32,clean,191,0.015059794299304485
WRD25,hrnet32,clean,192,0.07043423503637314
WRD25,hrnet32,clean,193,0.0682411938905716
WRD25,hrnet32,clean,194,0.010788924992084503
WRD25,hrnet32,clean,195,0.008984629064798355
WRD25,hrnet32,clean,196,-0.030507320538163185
WRD25,hrnet32,clean,197,0.015626614913344383
WRD25,hrnet32,clean,198,0.009520895779132843
WRD25,hrnet32,clean,199,0.05742374062538147
WRD25,mobilenetv3,clean,0,0.07763013988733292
WRD25,mobilenetv3,clean,1,0.01876717433333397
WRD25,mobilenetv3,clean,2,0.014995047822594643
WRD25,mobilenetv3,clean,3,0.0091019868850708
WRD25,mobilenetv3,clean,4,-0.0004832091508433223
WRD25,mobilenetv3,clean,5,0.02893964573740959
WRD25,mobilenetv3,clean,6,0.04535548388957977
WRD25,mobilenetv3,clean,7,0.024505065754055977
WRD25,mobilenetv3,clean,8,0.005080379545688629
WRD25,mobilenetv3,clean,9,0.05780422315001488
WRD25,mobilenetv3,clean,10,0.027350839227437973
WRD25,mobilenetv3,clean,11,0.07084722816944122
WRD25,mobilenetv3,clean,12,0.011460880748927593
WRD25,mobilenetv3,clean,13,0.0028010017704218626
WRD25,mobilenetv3,clean,14,0.023416774347424507
WRD25,mobilenetv3,clean,15,0.008496347814798355
WRD25,mobilenetv3,clean,16,0.0047415620647370815
WRD25,mobilenetv3,clean,17,2.351958210056182e-05
WRD25,mobilenetv3,clean,18,0.02709849551320076
WRD25,mobilenetv3,clean,19,-0.009143073111772537
WRD25,mobilenetv3,clean,20,-0.02798403613269329
WRD25,mobilenetv3,clean,21,0.059827983379364014
WRD25,mobilenetv3,clean,22,0.036369577050209045
WRD25,mobilenetv3,clean,23,0.03286276385188103
WRD25,mobilenetv3,clean,24,0.03944866359233856
WRD25,mobilenetv3,clean,25,0.05363417789340019
WRD25,mobilenetv3,clean,26,0.0496470145881176
WRD25,mobilenetv3,clean,27,0.04540932923555374
WRD25,mobilenetv3,clean,28,0.02639245055615902
WRD25,mobilenetv3,clean,29,0.06644277274608612
WRD25,mobilenetv3,clean,30,0.052987389266490936
WRD25,mobilenetv3,clean,31,0.19612616300582886
WRD25,mobilenetv3,clean,32,0.049911607056856155
WRD25,mobilenetv3,clean,33,0.10298977792263031
WRD25,mobilenetv3,clean,34,0.009710404090583324
WRD25,mobilenetv3,clean,35,0.027383258566260338
WRD25,mobilenetv3,clean,36,0.10677235573530197
WRD25,mobilenetv3,clean,37,0.10414627939462662
WRD25,mobilenetv3,clean,38,0.08955863118171692
WRD25,mobilenetv3,clean,39,0.004860791843384504
WRD25,mobilenetv3,clean,40,0.02384479157626629
WRD25,mobilenetv3,clean,41,0.0018691455479711294
WRD25,mobilenetv3,clean,42,0.10180813074111938
WRD25,mobilenetv3,clean,43,0.013411014340817928
WRD25,mobilenetv3,clean,44,0.0025557216722518206
WRD25,mobilenetv3,clean,45,0.01624046452343464
WRD25,mobilenetv3,clean,46,0.0436846949160099
WRD25,mobilenetv3,clean,47,0.012687836773693562
WRD25,mobilenetv3,clean,48,0.004110942129045725
WRD25,mobilenetv3,clean,49,0.001316210487857461
WRD25,mobilenetv3,clean,50,0.06132185086607933
WRD25,mobilenetv3,clean,51,0.08712556213140488
WRD25,mobilenetv3,clean,52,0.009827702306210995
WRD25,mobilenetv3,clean,53,0.046190958470106125
WRD25,mobilenetv3,clean,54,0.04115951806306839
WRD25,mobilenetv3,clean,55,0.07313510775566101
WRD25,mobilenetv3,clean,56,0.05484287068247795
WRD25,mobilenetv3,clean,57,0.012632482685148716
WRD25,mobilenetv3,clean,58,0.01637970842421055
WRD25,mobilenetv3,clean,59,0.024864178150892258
WRD25,mobilenetv3,clean,60,0.024880090728402138
WRD25,mobilenetv3,clean,61,0.02824142947793007
WRD25,mobilenetv3,clean,62,0.0380157046020031
WRD25,mobilenetv3,clean,63,0.04446757584810257
WRD25,mobilenetv3,clean,64,0.04244212806224823
WRD25,mobilenetv3,clean,65,0.0046124872751533985
WRD25,mobilenetv3,clean,66,0.011408008635044098
WRD25,mobilenetv3,clean,67,0.013375155627727509
WRD25,mobilenetv3,clean,68,0.07383919507265091
WRD25,mobilenetv3,clean,69,0.022598179057240486
WRD25,mobilenetv3,clean,70,0.0230991393327713
WRD25,mobilenetv3,clean,71,0.019900886341929436
WRD25,mobilenetv3,clean,72,0.02412409707903862
WRD25,mobilenetv3,clean,73,0.03137513995170593
WRD25,mobilenetv3,clean,74,0.018040230497717857
WRD25,mobilenetv3,clean,75,0.04008878022432327
WRD25,mobilenetv3,clean,76,0.0009454568498767912
WRD25,mobilenetv3,clean,77,0.015619779005646706
WRD25,mobilenetv3,clean,78,0.0061604841612279415
WRD25,mobilenetv3,clean,79,0.008602794259786606
WRD25,mobilenetv3,clean,80,0.0443725623190403
WRD25,mobilenetv3,clean,81,0.0424472838640213
WRD25,mobilenetv3,clean,82,0.008450538851320744
WRD25,mobilenetv3,clean,83,0.018383916467428207
WRD25,mobilenetv3,clean,84,0.010411071591079235
WRD25,mobilenetv3,clean,85,0.029794445261359215
WRD25,mobilenetv3,clean,86,0.026445306837558746
WRD25,mobilenetv3,clean,87,0.047761205583810806
WRD25,mobilenetv3,clean,88,0.01264465693384409
WRD25,mobilenetv3,clean,89,0.017863549292087555
WRD25,mobilenetv3,clean,90,0.02427319623529911
WRD25,mobilenetv3,clean,91,0.030331799760460854
WRD25,mobilenetv3,clean,92,0.01653900183737278
WRD25,mobilenetv3,clean,93,0.04040689766407013
WRD25,mobilenetv3,clean,94,0.026661420240998268
WRD25,mobilenetv3,clean,95,0.002765658311545849
WRD25,mobilenetv3,clean,96,0.028879068791866302
WRD25,mobilenetv3,clean,97,0.08101914823055267
WRD25,mobilenetv3,clean,98,0.09640783071517944
WRD25,mobilenetv3,clean,99,0.008509987033903599
WRD25,mobilenetv3,clean,100,0.011741064488887787
WRD25,mobilenetv3,clean,101,0.0215170718729496
WRD25,mobilenetv3,clean,102,0.013989702798426151
WRD25,mobilenetv3,clean,103,0.07122313976287842
WRD25,mobilenetv3,clean,104,0.01010060217231512
WRD25,mobilenetv3,clean,105,0.014013172127306461
WRD25,mobilenetv3,clean,106,0.012140631675720215
WRD25,mobilenetv3,clean,107,0.031185666099190712
WRD25,mobilenetv3,clean,108,0.03534403070807457
WRD25,mobilenetv3,clean,109,0.01922057569026947
WRD25,mobilenetv3,clean,110,0.0444633923470974
WRD25,mobilenetv3,clean,111,0.030505148693919182
WRD25,mobilenetv3,clean,112,0.09088323265314102
WRD25,mobilenetv3,clean,113,0.007334767375141382
WRD25,mobilenetv3,clean,114,0.009580285288393497
WRD25,mobilenetv3,clean,115,0.028704700991511345
WRD25,mobilenetv3,clean,116,0.057423919439315796
WRD25,mobilenetv3,clean,117,0.0497933104634285
WRD25,mobilenetv3,clean,118,0.02113978937268257
WRD25,mobilenetv3,clean,119,0.01830218732357025
WRD25,mobilenetv3,clean,120,-0.028496168553829193
WRD25,mobilenetv3,clean,121,0.008930654264986515
WRD25,mobilenetv3,clean,122,0.03639337420463562
WRD25,mobilenetv3,clean,123,0.011524099856615067
WRD25,mobilenetv3,clean,124,0.039820943027734756
WRD25,mobilenetv3,clean,125,0.057087644934654236
WRD25,mobilenetv3,clean,126,0.0067839547991752625
WRD25,mobilenetv3,clean,127,0.0035241860896348953
WRD25,mobilenetv3,clean,128,0.0037205093540251255
WRD25,mobilenetv3,clean,129,0.0039313966408371925
WRD25,mobilenetv3,clean,130,0.02740330621600151
WRD25,mobilenetv3,clean,131,0.005578105337917805
WRD25,mobilenetv3,clean,132,0.02709343656897545
WRD25,mobilenetv3,clean,133,0.007003601640462875
WRD25,mobilenetv3,clean,134,0.031924135982990265
WRD25,mobilenetv3,clean,135,0.001713680336251855
WRD25,mobilenetv3,clean,136,0.021183554083108902
WRD25,mobilenetv3,clean,137,0.020678242668509483
WRD25,mobilenetv3,clean,138,0.030332889407873154
WRD25,mobilenetv3,clean,139,0.0028479984030127525
WRD25,mobilenetv3,clean,140,0.0020820999052375555
WRD25,mobilenetv3,clean,141,-0.015784237533807755
WRD25,mobilenetv3,clean,142,0.014034995809197426
WRD25,mobilenetv3,clean,143,0.01573222130537033
WRD25,mobilenetv3,clean,144,0.03364355117082596
WRD25,mobilenetv3,clean,145,0.040770456194877625
WRD25,mobilenetv3,clean,146,0.02332763746380806
WRD25,mobilenetv3,clean,147,0.02656525932252407
WRD25,mobilenetv3,clean,148,0.04284809157252312
WRD25,mobilenetv3,clean,149,0.06398756802082062
WRD25,mobilenetv3,clean,150,0.040144700556993484
WRD25,mobilenetv3,clean,151,0.022940995171666145
WRD25,mobilenetv3,clean,152,0.04106359928846359
WRD25,mobilenetv3,clean,153,0.02073189616203308
WRD25,mobilenetv3,clean,154,0.013090337626636028
WRD25,mobilenetv3,clean,155,0.034773703664541245
WRD25,mobilenetv3,clean,156,0.012911793775856495
WRD25,mobilenetv3,clean,157,0.028430646285414696
WRD25,mobilenetv3,clean,158,0.014936625026166439
WRD25,mobilenetv3,clean,159,0.02287898026406765
WRD25,mobilenetv3,clean,160,0.0034403172321617603
WRD25,mobilenetv3,clean,161,0.04248003661632538
WRD25,mobilenetv3,clean,162,-0.007256017532199621
WRD25,mobilenetv3,clean,163,0.014163943938910961
WRD25,mobilenetv3,clean,164,0.02801893651485443
WRD25,mobilenetv3,clean,165,0.040110424160957336
WRD25,mobilenetv3,clean,166,0.005956062115728855
WRD25,mobilenetv3,clean,167,0.04212835431098938
WRD25,mobilenetv3,clean,168,0.02310541458427906
WRD25,mobilenetv3,clean,169,0.017909128218889236
WRD25,mobilenetv3,clean,170,0.026914795860648155
WRD25,mobilenetv3,clean,171,0.021133501082658768
WRD25,mobilenetv3,clean,172,0.02922261692583561
WRD25,mobilenetv3,clean,173,0.010718298144638538
WRD25,mobilenetv3,clean,174,0.003637513378635049
WRD25,mobilenetv3,clean,175,0.033250510692596436
WRD25,mobilenetv3,clean,176,0.024340754374861717
WRD25,mobilenetv3,clean,177,0.025917282328009605
WRD25,mobilenetv3,clean,178,0.0699896439909935
WRD25,mobilenetv3,clean,179,0.0816655084490776
WRD25,mobilenetv3,clean,180,0.06667858362197876
WRD25,mobilenetv3,clean,181,0.05197802186012268
WRD25,mobilenetv3,clean,182,0.005265142302960157
WRD25,mobilenetv3,clean,183,0.044915977865457535
WRD25,mobilenetv3,clean,184,0.02003372833132744
WRD25,mobilenetv3,clean,185,0.027019403874874115
WRD25,mobilenetv3,clean,186,-0.0029159891419112682
WRD25,mobilenetv3,clean,187,0.0068397982977330685
WRD25,mobilenetv3,clean,188,0.12874066829681396
WRD25,mobilenetv3,clean,189,0.06687133014202118
WRD25,mobilenetv3,clean,190,0.009608834981918335
WRD25,mobilenetv3,clean,191,0.0012072017416357994
WRD25,mobilenetv3,clean,192,0.05291030928492546
WRD25,mobilenetv3,clean,193,0.053564466536045074
WRD25,mobilenetv3,clean,194,-0.009049873799085617
WRD25,mobilenetv3,clean,195,0.0026949194725602865
WRD25,mobilenetv3,clean,196,-0.020435605198144913
WRD25,mobilenetv3,clean,197,-0.0005534160300157964
WRD25,mobilenetv3,clean,198,0.0036832201294600964
WRD25,mobilenetv3,clean,199,0.035626232624053955
