dataset,backbone,class,image,condition,perturbation,severity,sgi,csi,feature_drift,cam_entropy,delta_entropy,cam_js_distance,cam_js_divergence
WRD25,efficientnet_b3,0,5-Cassia_siamea080.jpg,defocus_15,defocus_blur,15,0.0002105712890625,0.3627538925700593,0.15078222751617432,1.4362901813973696,-0.14204986790946905,0.16676557064056396,0.02781075555107293
WRD25,efficientnet_b3,0,01201.jpg,defocus_15,defocus_blur,15,0.0010223388671875,0.24711030318311397,0.2636793255805969,1.5666063556452183,0.14128986215570238,0.1759168952703476,0.030946754041558444
WRD25,efficientnet_b3,0,5-Cassia_siamea097.jpg,defocus_15,defocus_blur,15,0.0002471923828125,0.5219977865416314,0.14813929796218872,1.3468491589951503,-0.23796154981346018,0.2095729410648346,0.043920817626564634
WRD25,efficientnet_b3,0,5-Cassia_siamea038.jpg,defocus_15,defocus_blur,15,0.000240325927734375,0.3567652433602861,0.13965892791748047,1.3441279893792761,-0.15631459554588556,0.11945043504238129,0.014268406431814151
WRD25,efficientnet_b3,0,5-Cassia_siamea010.jpg,defocus_15,defocus_blur,15,0.00023345947265625,0.20894216967750726,0.15816420316696167,1.3202723578519735,-0.22522355270469063,0.2988906502723694,0.08933562082023982
WRD25,efficientnet_b3,0,5-Cassia_siamea095.jpg,defocus_15,defocus_blur,15,0.000189971923828125,0.4224398584796551,0.146431565284729,1.5097967051705543,-0.07506909219571223,0.11096499115228653,0.012313229261427028
WRD25,efficientnet_b3,0,20180108110717.jpg,defocus_15,defocus_blur,15,0.000264739990234375,0.3809327995963276,0.21892213821411133,1.4838767550384384,0.09387687326918082,0.31322935223579407,0.09811262710205515
WRD25,efficientnet_b3,0,01105.jpg,defocus_15,defocus_blur,15,0.000704193115234375,0.2281622759220632,0.28495264053344727,1.433935159602527,0.3015655233386345,0.44927501678466797,0.20184804070686369
WRD25,efficientnet_b3,0,5-Cassia_siamea054.jpg,defocus_15,defocus_blur,15,0.000225830078125,0.16253722345802776,0.1554831862449646,1.3778286716563022,-0.16936061033990213,0.20415613055229187,0.04167972564208444
WRD25,efficientnet_b3,0,5-Cassia_siamea053.jpg,defocus_15,defocus_blur,15,0.000264739990234375,0.37618569216158204,0.146101176738739,1.3339043322751634,-0.13755235066635763,0.09219146519899368,0.008499266255537263
WRD25,efficientnet_b3,1,20180115180251.jpg,defocus_15,defocus_blur,15,0.000408935546875,0.18509865631428227,0.15016460418701172,1.5495095088878998,0.17274940458394594,0.27201738953590393,0.0739934602099277
WRD25,efficientnet_b3,1,WIN_20171014_15_52_23_Pro.jpg,defocus_15,defocus_blur,15,0.00044708251953125,0.30396400191709727,0.27460598945617676,1.5355055238524393,0.39956841551764755,0.38935476541519165,0.15159713335151892
WRD25,efficientnet_b3,1,20180115180049.jpg,defocus_15,defocus_blur,15,0.00080413818359375,0.2713233806767604,0.1330341100692749,1.4049613895288782,-0.07251033412084595,0.16447630524635315,0.027052454987491537
WRD25,efficientnet_b3,1,20180115180322.jpg,defocus_15,defocus_blur,15,0.00040740966796875,0.19473502912367055,0.12939858436584473,1.5050443405874216,0.06708268439215992,0.13120444118976593,0.017214605387918747
WRD25,efficientnet_b3,1,20180115175948.jpg,defocus_15,defocus_blur,15,0.000720977783203125,0.33148616759912103,0.13611745834350586,1.489226970694164,0.07939632434358068,0.30485010147094727,0.09293358436684684
WRD25,efficientnet_b3,1,20180115180217.jpg,defocus_15,defocus_blur,15,0.000356292724609375,0.21963503663182524,0.15212619304656982,1.5685998785560145,0.24381785857334615,0.27213186025619507,0.07405574936649728
WRD25,efficientnet_b3,1,WIN_20171014_15_51_07_Pro.jpg,defocus_15,defocus_blur,15,0.000310516357421875,0.21416465864448023,0.29178017377853394,1.5770661371777264,0.35694436307077426,0.25225621461868286,0.06363319781374699
WRD25,efficientnet_b3,1,20180115175936.jpg,defocus_15,defocus_blur,15,0.00068359375,0.31540457720628967,0.17511552572250366,1.460104056774291,0.08842685801970251,0.3349868953227997,0.11221622003800835
WRD25,efficientnet_b3,1,WIN_20171014_15_50_38_Pro.jpg,defocus_15,defocus_blur,15,0.000234222412109375,0.22422060253392564,0.2791098952293396,1.584699484212828,0.34230498637838225,0.25874873995780945,0.0669509104297541
WRD25,efficientnet_b3,1,20180115180055.jpg,defocus_15,defocus_blur,15,0.000559234619140625,0.3386207404184982,0.13477778434753418,1.4312750994950312,0.02674556689930485,0.3365514278411865,0.11326686358194138
WRD25,efficientnet_b3,2,95b53916-d122-11e8-a233-b8ca3af93c9a.jpg,defocus_15,defocus_blur,15,0.000553131103515625,0.36935051279354125,0.13646751642227173,1.5018229031222836,0.11834287904526986,0.3096187710762024,0.09586378340273782
WRD25,efficientnet_b3,2,20180108105744.jpg,defocus_15,defocus_blur,15,0.00099334716796875,0.2648682081543725,0.15676796436309814,1.52749468136664,-0.04198487357536207,0.05183412507176399,0.0026867765219552725
WRD25,efficientnet_b3,2,196cd24c-d122-11e8-83e7-b8ca3af93c9a.jpg,defocus_15,defocus_blur,15,0.000582122802734375,0.3948822831572903,0.14272183179855347,1.5827232892219993,0.1264906050495025,0.1670726090669632,0.027913256700442313
WRD25,efficientnet_b3,2,20180108105833.jpg,defocus_15,defocus_blur,15,0.00087738037109375,0.30397776207867594,0.1958330273628235,1.5451812945578793,0.422267095752741,0.23702086508274078,0.05617889048457081
WRD25,efficientnet_b3,2,88cc1c38-d122-11e8-989d-b8ca3af93c9a.jpg,defocus_15,defocus_blur,15,0.000670623779296875,0.36357302854458046,0.15699374675750732,1.5728751987203031,0.18362584853029218,0.23516114056110382,0.05530076202999923
WRD25,efficientnet_b3,2,c43e2f18-d122-11e8-ad2a-b8ca3af93c9a.jpg,defocus_15,defocus_blur,15,0.000643157958984375,0.3599205536735675,0.13962799310684204,1.5146375759149584,0.11285796827287986,0.2917838394641876,0.08513780897246281
WRD25,efficientnet_b3,2,85819dbe-d122-11e8-8aa4-b8ca3af93c9a.jpg,defocus_15,defocus_blur,15,0.000662994384765625,0.36150813198459675,0.1587865948677063,1.5604191601801372,0.15985464394937154,0.24696439504623413,0.06099141242055239
WRD25,efficientnet_b3,2,WIN_20171029_13_36_00_Pro.jpg,defocus_15,defocus_blur,15,0.001000213623046875,0.2585777249867651,0.1945948600769043,1.5792267890765284,0.07362672897918454,0.134850412607193,0.018184633780330195
WRD25,efficientnet_b3,2,WIN_20171029_13_34_41_Pro.jpg,defocus_15,defocus_blur,15,0.0009796142578125,0.25954131117705354,0.18511909246444702,1.5814554006613628,0.13925084612050687,0.1400497704744339,0.019613938209941617
WRD25,efficientnet_b3,2,b5896ec0-d121-11e8-ac03-b8ca3af93c9a.jpg,defocus_15,defocus_blur,15,0.00061492919921875,0.3249110713590641,0.17472094297409058,1.5590558107519308,0.2912157547916725,0.31461307406425476,0.09898138637216025
WRD25,efficientnet_b3,3,20180108104935.jpg,defocus_15,defocus_blur,15,0.0010528564453125,0.2605669478315609,0.18578678369522095,1.514554880899265,0.06793877673535098,0.09541954100131989,0.009104888804902567
WRD25,efficientnet_b3,3,WIN_20171029_11_48_46_Pro.jpg,defocus_15,defocus_blur,15,0.000962066650390625,0.2639998777195939,0.18630576133728027,1.5772358197831289,0.027206726850927065,0.0951714813709259,0.009057610866336496
WRD25,efficientnet_b3,3,20180108104934.jpg,defocus_15,defocus_blur,15,0.001070404052734375,0.25652355741665117,0.1758408546447754,1.5418771192688845,0.09025414030405488,0.07090145349502563,0.005027016107707283
WRD25,efficientnet_b3,3,20180108104941.jpg,defocus_15,defocus_blur,15,0.0008636474609375,0.2658277218025122,0.17971616983413696,1.5442924109643466,0.055423558670308015,0.06182228773832321,0.0038219952612000285
WRD25,efficientnet_b3,3,64d50d82-d125-11e8-b034-b8ca3af93c9a.jpg,defocus_15,defocus_blur,15,0.0007354736328125,0.28789540535447267,0.18748104572296143,1.5709202083990474,0.4056623424812478,0.3273283839225769,0.1071438709213659
WRD25,efficientnet_b3,3,20180108105019.jpg,defocus_15,defocus_blur,15,0.000775909423828125,0.2660667154009701,0.1891636848449707,1.5570910426957554,0.0020444603486591273,0.011672933585941792,0.0001362573785018079
WRD25,efficientnet_b3,3,8717f642-d126-11e8-83a1-b8ca3af93c9a.jpg,defocus_15,defocus_blur,15,0.00070953369140625,0.23488092570494692,0.18598031997680664,1.55471720046915,0.034909501687368616,0.17394518852233887,0.03025692861007201
WRD25,efficientnet_b3,3,20180108104922.jpg,defocus_15,defocus_blur,15,0.000928497314453125,0.2372357572803497,0.19492816925048828,1.5615158872404575,0.09029284611393806,0.16271792352199554,0.02647712263530999
WRD25,efficientnet_b3,3,20180108104957.jpg,defocus_15,defocus_blur,15,0.00112762451171875,0.254252574198934,0.17540109157562256,1.514479472286802,0.08968812565888062,0.07599937915802002,0.005775905632404488
WRD25,efficientnet_b3,3,9a4e7ac4-d126-11e8-9324-b8ca3af93c9a.jpg,defocus_15,defocus_blur,15,0.0006256103515625,0.2700281290907835,0.20532655715942383,1.5763360951278,0.04822605679612857,0.1247318834066391,0.01555804273816741
WRD25,efficientnet_b3,4,438e4b48-d125-11e8-b1e9-b8ca3af93c9a.jpg,defocus_15,defocus_blur,15,0.0005523681640625,0.30532718902210276,0.17467665672302246,1.5404210372128029,0.34788061142117277,0.3559134900569916,0.12667441240454824
WRD25,efficientnet_b3,4,WIN_20171029_13_48_23_Pro.jpg,defocus_15,defocus_blur,15,0.000274658203125,0.3390967986246367,0.20820391178131104,1.5293775653307848,0.18147120331893118,0.3041525185108185,0.09250875451647378
WRD25,efficientnet_b3,4,WIN_20171029_13_44_23_Pro.jpg,defocus_15,defocus_blur,15,0.000304412841796875,0.22226442872816174,0.22011059522628784,1.581884136383905,0.06362573596428422,0.08901802450418472,0.007924208686627632
WRD25,efficientnet_b3,4,WIN_20171029_13_45_52_Pro.jpg,defocus_15,defocus_blur,15,0.00082244873046875,0.2408439800249118,0.20043909549713135,1.543633873800165,0.049398862773373464,0.2103813886642456,0.04426032869629637
WRD25,efficientnet_b3,4,WIN_20171029_13_42_56_Pro.jpg,defocus_15,defocus_blur,15,0.000868988037109375,0.2745597223602132,0.1970682144165039,1.5789905822879144,0.11419302683503596,0.14428184926509857,0.020817252027356625
WRD25,efficientnet_b3,4,20180108103854.jpg,defocus_15,defocus_blur,15,0.000720977783203125,0.24792656335012345,0.20300006866455078,1.542243636528947,0.0694921976511913,0.05459126457571983,0.002980206167976243
WRD25,efficientnet_b3,4,WIN_20171029_13_45_05_Pro.jpg,defocus_15,defocus_blur,15,0.000257110595703125,0.21226654034112322,0.21065038442611694,1.5767777379398318,0.3286110776432276,0.28833913803100586,0.08313945852046345
WRD25,efficientnet_b3,4,WIN_20171029_13_42_37_Pro.jpg,defocus_15,defocus_blur,15,0.000583648681640625,0.2501588844169482,0.20958495140075684,1.5714140790685573,0.011638298437914418,0.08861944824457169,0.00785340660717232
WRD25,efficientnet_b3,4,20180108104500.jpg,defocus_15,defocus_blur,15,0.000829315185546875,0.26310865246992005,0.20950037240982056,1.541631207994325,0.12500636262647702,0.08650846034288406,0.007483713710896345
WRD25,efficientnet_b3,4,WIN_20171029_13_40_11_Pro.jpg,defocus_15,defocus_blur,15,0.000368499755859375,0.3924455196791632,0.20800930261611938,1.5507327736475582,0.24899962165436285,0.2925701439380646,0.08559728912393982
WRD25,efficientnet_b3,5,20180108104802.jpg,defocus_15,defocus_blur,15,0.0006591796875,0.28055889222233776,0.1923801302909851,1.5770023007093017,0.33414872585368416,0.2276821881532669,0.05183917880225963
WRD25,efficientnet_b3,5,20180108104759.jpg,defocus_15,defocus_blur,15,0.00074462890625,0.27587647130718124,0.1965823769569397,1.580356919720102,0.3356000904426235,0.27181482315063477,0.07388329808441085
WRD25,efficientnet_b3,5,20180108104830.jpg,defocus_15,defocus_blur,15,0.000811767578125,0.30505454270902055,0.19039207696914673,1.5750760395457548,0.3599248592751212,0.23859183490276337,0.05692606368226749
WRD25,efficientnet_b3,5,WIN_20171029_13_06_38_Pro.jpg,defocus_15,defocus_blur,15,0.0009033203125,0.20257775539371736,0.20221495628356934,1.5413258661825173,0.412896987788411,0.31491369009017944,0.09917063220621358
WRD25,efficientnet_b3,5,20180108104743.jpg,defocus_15,defocus_blur,15,0.000736236572265625,0.25367334960180976,0.19375014305114746,1.5645127378266093,0.06175809663393528,0.10614186525344849,0.011266095559481215
WRD25,efficientnet_b3,5,20180108104827.jpg,defocus_15,defocus_blur,15,0.000714111328125,0.3074131659410497,0.18485701084136963,1.5803390269211126,0.38898008466814127,0.2686462700366974,0.07217081840463013
WRD25,efficientnet_b3,5,20180108104739.jpg,defocus_15,defocus_blur,15,0.000914764404296875,0.2594291906324995,0.20818620920181274,1.579420183799562,0.09821990489523391,0.12829157710075378,0.016458728754998653
WRD25,efficientnet_b3,5,20180108104804.jpg,defocus_15,defocus_blur,15,0.0007232666015625,0.25982314145380697,0.16759073734283447,1.5605558611665868,0.18417771348066037,0.13849633932113647,0.019181236005355373
WRD25,efficientnet_b3,5,20180108104727.jpg,defocus_15,defocus_blur,15,0.000763702392578125,0.23092113258948932,0.20340192317962646,1.5731348611250635,0.06973031912754313,0.07628035545349121,0.005818692628110966
WRD25,efficientnet_b3,5,20180108104809.jpg,defocus_15,defocus_blur,15,0.00084686279296875,0.26942922385039814,0.19022047519683838,1.5826790224297653,0.1726727141158011,0.17342214286327362,0.030075239635289686
WRD25,efficientnet_b3,6,20180108103727.jpg,defocus_15,defocus_blur,15,0.000751495361328125,0.2715342934426802,0.1927281618118286,1.561060924175976,0.22308128189744703,0.2727969288825989,0.07441816440777771
WRD25,efficientnet_b3,6,20180108103729.jpg,defocus_15,defocus_blur,15,0.000772857666015625,0.2695010237978455,0.1859269142150879,1.5772408135948894,0.011528144120837469,0.09377626329660416,0.008793987557874028
WRD25,efficientnet_b3,6,20180319132354.jpg,defocus_15,defocus_blur,15,0.000821685791015625,0.26979448424786573,0.19228190183639526,1.5737226523500742,0.4569112612939985,0.27801480889320374,0.0772922339639246
WRD25,efficientnet_b3,6,20180108103723.jpg,defocus_15,defocus_blur,15,0.00070343017578125,0.31995053739214624,0.20244050025939941,1.5769477630509239,0.27914928130523053,0.273523211479187,0.07481494721788806
WRD25,efficientnet_b3,6,20180319132346.jpg,defocus_15,defocus_blur,15,0.000818634033203125,0.2980674932108906,0.22553807497024536,1.5693866669624361,0.1061448402611278,0.11930150538682938,0.014232849187563679
WRD25,efficientnet_b3,6,20180108103656.jpg,defocus_15,defocus_blur,15,0.0007110595703125,0.32241406983496557,0.1939573884010315,1.5769761515802245,0.042033660367565506,0.13094133138656616,0.017145632265286537
WRD25,efficientnet_b3,6,20180108103701.jpg,defocus_15,defocus_blur,15,0.000933074951171875,0.28070224427866025,0.19547998905181885,1.569874881341674,-0.003317166973544561,0.07839830219745636,0.006146293787443691
WRD25,efficientnet_b3,6,20180108103700.jpg,defocus_15,defocus_blur,15,0.000769805908203125,0.34141048044794237,0.19148820638656616,1.5596967661315264,0.030233101936703033,0.1629360467195511,0.026548155320595734
WRD25,efficientnet_b3,6,20180108103716.jpg,defocus_15,defocus_blur,15,0.00066986083984375,0.33559206155391424,0.21183091402053833,1.5837781163833644,0.19032897727861942,0.17738118767738342,0.03146408574183912
WRD25,efficientnet_b3,6,20180319132401.jpg,defocus_15,defocus_blur,15,0.000769805908203125,0.20777482811847323,0.1921827793121338,1.5789285870139582,0.27721020783824857,0.2677517831325531,0.07169101737066175
WRD25,efficientnet_b3,7,WIN_20171014_15_07_18_Pro.jpg,defocus_15,defocus_blur,15,0.00068511962890625,0.23290432804904881,0.18852299451828003,1.5027376216167276,-0.06744603932229998,0.14216762781143188,0.02021163439752982
WRD25,efficientnet_b3,7,3fb2faac-d123-11e8-bfe1-b8ca3af93c9a.jpg,defocus_15,defocus_blur,15,0.00060577392578125,0.32771645775082847,0.19666540622711182,1.428317604318583,0.02623786068700973,0.3310205340385437,0.10957459395516267
WRD25,efficientnet_b3,7,2f3bb118-d124-11e8-88b3-b8ca3af93c9a.jpg,defocus_15,defocus_blur,15,0.000614166259765625,0.3140170660926675,0.18736404180526733,1.5318752631897834,0.28541464516559256,0.34407609701156616,0.11838836053471269
WRD25,efficientnet_b3,7,WIN_20171014_15_08_10_Pro.jpg,defocus_15,defocus_blur,15,0.000246429443359375,0.22503770900853426,0.2053704857826233,1.5770674946292462,0.34742978228508137,0.2918851971626282,0.08519696832266632
WRD25,efficientnet_b3,7,35243c4e-d124-11e8-a39a-b8ca3af93c9a.jpg,defocus_15,defocus_blur,15,0.0006011962890625,0.32364241325260545,0.18874657154083252,1.4969132336600643,0.14037870483709813,0.3269262909889221,0.10688079973977338
WRD25,efficientnet_b3,7,WIN_20170906_16_11_12_Pro.jpg,defocus_15,defocus_blur,15,0.00028533935546875,0.21496930906434975,0.25403910875320435,1.5752616392426262,0.32634341663793176,0.25079745054244995,0.06289936119859263
WRD25,efficientnet_b3,7,20180108105238.jpg,defocus_15,defocus_blur,15,0.00060272216796875,0.23215903085743914,0.18210440874099731,1.5368965650616624,0.005937965677286439,0.1692582666873932,0.028648360842020715
WRD25,efficientnet_b3,7,976830e6-d123-11e8-a4cd-b8ca3af93c9a.jpg,defocus_15,defocus_blur,15,0.000733184814453125,0.3237952233699926,0.18895697593688965,1.5600812032620117,0.17488672596523913,0.24900949001312256,0.06200572611659538
WRD25,efficientnet_b3,7,a1e6b0ec-d123-11e8-911d-b8ca3af93c9a.jpg,defocus_15,defocus_blur,15,0.000634002685546875,0.3135368589257561,0.1719542145729065,1.5793376959495198,0.08517873289844347,0.1593228131532669,0.0253837587910708
WRD25,efficientnet_b3,7,7a91c8d8-d123-11e8-a3df-b8ca3af93c9a.jpg,defocus_15,defocus_blur,15,0.0006744384765625,0.2908116787102251,0.16522550582885742,1.4933845096656964,0.19768331978954046,0.3526534140110016,0.12436443041361489
WRD25,efficientnet_b3,8,2-Dalbergia_stevensonii029.jpg,defocus_15,defocus_blur,15,0.000637054443359375,0.3191879589882672,0.18521904945373535,1.561687286352245,0.013099637137798492,0.12630149722099304,0.015952068200264513
WRD25,efficientnet_b3,8,2-Dalbergia_stevensonii065.jpg,defocus_15,defocus_blur,15,0.000506591796875,0.34864751830297647,0.17636406421661377,1.5710677311526522,0.14651271570938262,0.21799448132514954,0.04752159388822097
WRD25,efficientnet_b3,8,2-Dalbergia_stevensonii055.jpg,defocus_15,defocus_blur,15,0.00069427490234375,0.2819633405172253,0.18886196613311768,1.4952336971327942,-0.04578421788158038,0.203175887465477,0.04128044124738417
WRD25,efficientnet_b3,8,2-Dalbergia_stevensonii031.jpg,defocus_15,defocus_blur,15,0.0007049560546875,0.32021752382148155,0.18903237581253052,1.5754344344215876,0.06330623049692141,0.14792810380458832,0.021882723895221057
WRD25,efficientnet_b3,8,2-Dalbergia_stevensonii054.jpg,defocus_15,defocus_blur,15,0.000746917724609375,0.2805508707683688,0.18094861507415771,1.5176191128666865,-0.024834985833179557,0.18202346563339233,0.03313254204119076
WRD25,efficientnet_b3,8,2-Dalbergia_stevensonii024.jpg,defocus_15,defocus_blur,15,0.00049591064453125,0.30975242141850307,0.20740878582000732,1.5502884796768255,0.028239842930566805,0.06053481996059418,0.0036644644276615512
WRD25,efficientnet_b3,8,2-Dalbergia_stevensonii030.jpg,defocus_15,defocus_blur,15,0.00069122314453125,0.3066228623165132,0.17206043004989624,1.566089343937104,0.03355215337609607,0.14300376176834106,0.020450075879896445
WRD25,efficientnet_b3,8,2-Dalbergia_stevensonii080.jpg,defocus_15,defocus_blur,15,0.000644683837890625,0.289895966137698,0.1835700273513794,1.5487893594402389,-0.014913922414620417,0.13807573914527893,0.019064909740515112
WRD25,efficientnet_b3,8,2-Dalbergia_stevensonii096.jpg,defocus_15,defocus_blur,15,0.000363922119140625,0.29714563148100565,0.17958742380142212,1.5521022078772373,-0.01056602973702958,0.028741920366883278,0.0008260979863762598
WRD25,efficientnet_b3,8,2-Dalbergia_stevensonii091.jpg,defocus_15,defocus_blur,15,0.000498199462890625,0.33635094531258664,0.1700456738471985,1.3780154512192602,-0.10924177702857696,0.3119032382965088,0.09728363005984875
WRD25,efficientnet_b3,9,1-Dalbergia_tucurensis088.jpg,defocus_15,defocus_blur,15,0.0002655029296875,0.22407901852941545,0.21238285303115845,1.542124716268144,0.06969357383345232,0.21841655671596527,0.047705792247658474
WRD25,efficientnet_b3,9,1-Dalbergia_tucurensis065.jpg,defocus_15,defocus_blur,15,0.000278472900390625,0.19800868793159176,0.1976228952407837,1.5724769020986593,0.15096231335060573,0.1818181425333023,0.033057836954260233
WRD25,efficientnet_b3,9,1-Dalbergia_tucurensis046.jpg,defocus_15,defocus_blur,15,0.000583648681640625,0.37813862315672636,0.23519718647003174,1.5699898912210979,0.12672993606844907,0.17643798887729645,0.031130363919064985
WRD25,efficientnet_b3,9,1-Dalbergia_tucurensis067.jpg,defocus_15,defocus_blur,15,0.000505828857421875,0.37904116375119373,0.18040835857391357,1.5355391167927133,0.07786141731550922,0.24246960878372192,0.05879151118373116
WRD25,efficientnet_b3,9,1-Dalbergia_tucurensis016.jpg,defocus_15,defocus_blur,15,0.000547027587890625,0.3352812043297287,0.2792840600013733,1.4345798800390153,-0.09458151503484125,0.25470271706581116,0.06487347408070665
WRD25,efficientnet_b3,9,1-Dalbergia_tucurensis042.jpg,defocus_15,defocus_blur,15,0.0002410888671875,0.2349692912319714,0.18925851583480835,1.583838628538189,0.20656115956145849,0.20730336010456085,0.04297468311064123
WRD25,efficientnet_b3,9,1-Dalbergia_tucurensis036.jpg,defocus_15,defocus_blur,15,0.00050811767578125,0.39652657439310507,0.20644766092300415,1.504799665806034,-0.06708249316423065,0.13926562666893005,0.019394914771489802
WRD25,efficientnet_b3,9,1-Dalbergia_tucurensis052.jpg,defocus_15,defocus_blur,15,0.00050201416015625,0.2500106593416667,0.21493816375732422,1.5383009323205563,-0.00400831855655337,0.1581132560968399,0.02499980175354488
WRD25,efficientnet_b3,9,1-Dalbergia_tucurensis090.jpg,defocus_15,defocus_blur,15,0.000551605224609375,0.3130538173531677,0.18811607360839844,1.5535950556089275,0.22458939547021917,0.2815525233745575,0.07927182341858074
WRD25,efficientnet_b3,9,1-Dalbergia_tucurensis025.jpg,defocus_15,defocus_blur,15,0.00054473876953125,0.3020274521010816,0.26650047302246094,1.4911042616705346,0.09107671146022023,0.30848944187164307,0.09516573574627785
WRD25,efficientnet_b3,10,3-Diospyros_crassiflora041.jpg,defocus_15,defocus_blur,15,0.00083160400390625,0.28917067333724994,0.1972234845161438,1.5784315508903703,0.0445631075974513,0.11828165501356125,0.013990549912747119
WRD25,efficientnet_b3,10,3-Diospyros_crassiflora094.jpg,defocus_15,defocus_blur,15,0.0008270263671875,0.26921201348261586,0.16207587718963623,1.5352818306024854,-0.000825817911596527,0.17325934767723083,0.030018801557539554
WRD25,efficientnet_b3,10,3-Diospyros_crassiflora016.jpg,defocus_15,defocus_blur,15,0.000905609130859375,0.31782551676512294,0.19353091716766357,1.5602340554262906,0.1338598839056524,0.23605228960514069,0.05572068342782921
WRD25,efficientnet_b3,10,3-Diospyros_crassiflora021.jpg,defocus_15,defocus_blur,15,0.000972747802734375,0.24556414026694764,0.23017501831054688,1.5702960783170008,0.04526022397674945,0.149892657995224,0.02246780892087319
WRD25,efficientnet_b3,10,3-Diospyros_crassiflora058.jpg,defocus_15,defocus_blur,15,0.000616455078125,0.35102253948019374,0.1593495011329651,1.5375645164807374,0.17888656943231895,0.12852269411087036,0.01651808290151635
WRD25,efficientnet_b3,10,3-Diospyros_crassiflora103.jpg,defocus_15,defocus_blur,15,0.000933837890625,0.27723031584038615,0.15939730405807495,1.5636772600324578,0.3898807655580072,0.3456678092479706,0.11948623435029138
WRD25,efficientnet_b3,10,3-Diospyros_crassiflora032.jpg,defocus_15,defocus_blur,15,0.00095062255859375,0.28704583545636964,0.19459956884384155,1.511466939570805,0.12584586370252016,0.30217909812927246,0.09131220734622048
WRD25,efficientnet_b3,10,3-Diospyros_crassiflora046.jpg,defocus_15,defocus_blur,15,0.000958251953125,0.2818332492050928,0.22586965560913086,1.5497079664030107,0.016572310315730032,0.17101286351680756,0.02924539948821825
WRD25,efficientnet_b3,10,3-Diospyros_crassiflora003.jpg,defocus_15,defocus_blur,15,0.0007537841796875,0.38225914502866276,0.15443283319473267,1.5642458758781648,0.1909705501524699,0.14380118250846863,0.020678780090833904
WRD25,efficientnet_b3,10,3-Diospyros_crassiflora030.jpg,defocus_15,defocus_blur,15,0.000954437255859375,0.26825595080373227,0.24317693710327148,1.5427187125337753,0.10826676282457526,0.24908244609832764,0.06204206495432629
WRD25,efficientnet_b3,11,20180108105935.jpg,defocus_15,defocus_blur,15,0.0009613037109375,0.2488277611913512,0.1722937822341919,1.3453566420651573,-0.1137373178888259,0.1513759046792984,0.022914664517476035
WRD25,efficientnet_b3,11,c298987a-d126-11e8-9b63-b8ca3af93c9a.jpg,defocus_15,defocus_blur,15,0.000762939453125,0.27141870916633265,0.15397167205810547,1.5431050907993873,0.4013184924934847,0.38062119483947754,0.14487249396103152
WRD25,efficientnet_b3,11,20180108105913.jpg,defocus_15,defocus_blur,15,0.000969696044921875,0.25012488557692025,0.17825984954833984,1.5018274248330261,0.13331319541069853,0.12768781185150146,0.016304177295424438
WRD25,efficientnet_b3,11,20180108105924.jpg,defocus_15,defocus_blur,15,0.000946807861328125,0.2593916618740222,0.1737804412841797,1.4286017674962408,-0.08032788863195606,0.06094103306531906,0.003713809511068311
WRD25,efficientnet_b3,11,20180108105927.jpg,defocus_15,defocus_blur,15,0.00094146728515625,0.2654366044027637,0.16655457019805908,1.4133760923133636,0.0775837179817711,0.12292244285345078,0.015109926957059872
WRD25,efficientnet_b3,11,20180108105915.jpg,defocus_15,defocus_blur,15,0.00089569091796875,0.20541031864544354,0.1768060326576233,1.4193471571313587,0.8394900667082345,0.3052743375301361,0.09319242115446347
WRD25,efficientnet_b3,11,20180108105922.jpg,defocus_15,defocus_blur,15,0.00091552734375,0.23017233875406898,0.16989284753799438,1.436383869626146,0.4860460439069223,0.2192249447107315,0.048059576383423286
WRD25,efficientnet_b3,11,20180108110001.jpg,defocus_15,defocus_blur,15,0.001195526123046875,0.25982867922157843,0.17045706510543823,1.4267532475940623,0.05030234662084565,0.028941595926880836,0.0008376159747948454
WRD25,efficientnet_b3,11,d4077680-d126-11e8-a4b6-b8ca3af93c9a.jpg,defocus_15,defocus_blur,15,0.000476837158203125,0.3079571801214856,0.16801810264587402,1.414007029747745,0.13817797385910602,0.159319207072258,0.025382609742133022
WRD25,efficientnet_b3,11,20180108105955.jpg,defocus_15,defocus_blur,15,0.00113372802734375,0.24531034206864413,0.17506390810012817,1.4309708376791126,0.054965392303536476,0.0852009654045105,0.007259204505860595
WRD25,efficientnet_b3,12,20180115190907.jpg,defocus_15,defocus_blur,15,0.000732421875,0.33235006716013465,0.10751146078109741,1.4412623220047625,-0.0074749794250998924,0.30856436491012573,0.09521196729238923
WRD25,efficientnet_b3,12,WIN_20171014_14_58_49_Pro.jpg,defocus_15,defocus_blur,15,0.0002349853515625,0.17955582978045878,0.18970930576324463,1.4638258048484958,0.12283563408372489,0.2987120449542999,0.0892288858007797
WRD25,efficientnet_b3,12,20180115191250.jpg,defocus_15,defocus_blur,15,0.00083160400390625,0.3248965676113494,0.11334019899368286,1.5420637395455388,0.2422696312198518,0.3183310925960541,0.10133468451339755
WRD25,efficientnet_b3,12,WIN_20171014_14_58_33_Pro.jpg,defocus_15,defocus_blur,15,0.00041656494140625,0.3608995110785515,0.19702959060668945,1.5588910206841526,0.13629848492858576,0.23408402502536774,0.05479533077207699
WRD25,efficientnet_b3,12,20180115190948.jpg,defocus_15,defocus_blur,15,0.000710296630859375,0.357246442957239,0.11362278461456299,1.4686663102243283,-0.0011795957907940746,0.2827116549015045,0.07992587981714738
WRD25,efficientnet_b3,12,20180115190912.jpg,defocus_15,defocus_blur,15,0.00066375732421875,0.34777079113556103,0.1089661717414856,1.4130759344201707,-0.04803244015953645,0.30306753516197205,0.09184993086915316
WRD25,efficientnet_b3,12,20180115190832.jpg,defocus_15,defocus_blur,15,0.00074005126953125,0.35252695442488347,0.11591774225234985,1.5315414900109143,0.10360709874094587,0.2600155472755432,0.06760808482500025
WRD25,efficientnet_b3,12,20180115191106.jpg,defocus_15,defocus_blur,15,0.0007843017578125,0.28999651563321643,0.12891465425491333,1.413828526029421,-0.092718616841021,0.15587939321994781,0.024298385230619113
WRD25,efficientnet_b3,12,WIN_20171014_14_58_53_Pro.jpg,defocus_15,defocus_blur,15,0.000336456298828125,0.34860314957668687,0.20201635360717773,1.5372960388537593,0.28293835882178,0.32386231422424316,0.10488679857468242
WRD25,efficientnet_b3,12,WIN_20171014_14_55_17_Pro.jpg,defocus_15,defocus_blur,15,0.0002716064453125,0.21754810282629658,0.19685989618301392,1.4938278205649298,0.22918056867905445,0.36530113220214844,0.13344491718817153
WRD25,efficientnet_b3,13,20180115185608.jpg,defocus_15,defocus_blur,15,0.000667572021484375,0.3236149610556675,0.15141069889068604,1.3878893481198915,-0.016967704353850976,0.35913094878196716,0.12897503837303592
WRD25,efficientnet_b3,13,WIN_20171014_15_31_49_Pro.jpg,defocus_15,defocus_blur,15,0.000490570068359375,0.23802035823252976,0.21292603015899658,1.56565907636155,0.10437400693190169,0.10219595581293106,0.010444013384518558
WRD25,efficientnet_b3,13,WIN_20171014_15_30_11_Pro.jpg,defocus_15,defocus_blur,15,0.000412750244140625,0.36384054154325335,0.21272629499435425,1.5448274552698713,0.24086238907081503,0.247630313038826,0.06132077193570695
WRD25,efficientnet_b3,13,20180115185548.jpg,defocus_15,defocus_blur,15,0.000567626953125,0.29624007980417794,0.1489732265472412,1.3863554739270425,-0.0817025786520591,0.09742827713489532,0.009492269185473967
WRD25,efficientnet_b3,13,20180115185556.jpg,defocus_15,defocus_blur,15,0.00065155029296875,0.3800098110111665,0.15792006254196167,1.4193177052466759,-0.051488812846940624,0.3059946298599243,0.09363271350311209
WRD25,efficientnet_b3,13,20180115185509.jpg,defocus_15,defocus_blur,15,0.000637054443359375,0.25466386470662244,0.16130393743515015,1.364764239574437,-0.16307548542937833,0.16321268677711487,0.026638381125004607
WRD25,efficientnet_b3,13,WIN_20171014_15_30_05_Pro.jpg,defocus_15,defocus_blur,15,0.00024566650390625,0.2097264866396693,0.22818678617477417,1.5789169310697808,0.40690842459131527,0.31311655044555664,0.09804197416292482
WRD25,efficientnet_b3,13,20180115185648.jpg,defocus_15,defocus_blur,15,0.00043487548828125,0.3538480728689552,0.15128356218338013,1.4263370044867543,0.011537958690121197,0.3370590806007385,0.11360882381541515
WRD25,efficientnet_b3,13,20180115185550.jpg,defocus_15,defocus_blur,15,0.000580596923828125,0.37209293923309433,0.15757864713668823,1.3803226350004842,-0.10843705384461577,0.3097516894340515,0.0959461091072491
WRD25,efficientnet_b3,13,20180115185650.jpg,defocus_15,defocus_blur,15,0.0003570556640625,0.23561667751432122,0.1523423194885254,1.5191455259181559,0.03824503299177895,0.2410501092672348,0.05810515517774584
WRD25,efficientnet_b3,14,20180115173024.jpg,defocus_15,defocus_blur,15,0.000472259521484375,0.2931390968778284,0.17092835903167725,1.4295425857215338,-0.036582238809264256,0.15520508587360382,0.024088618681032736
WRD25,efficientnet_b3,14,20180115175420.jpg,defocus_15,defocus_blur,15,0.000254058837890625,0.24586093689376995,0.15234309434890747,1.4378693857041012,-0.08953170990656267,0.25281935930252075,0.06391762843813709
WRD25,efficientnet_b3,14,20180115173003.jpg,defocus_15,defocus_blur,15,0.000434112548828125,0.3267903637237932,0.16133660078048706,1.4534195976000677,0.1071275783204888,0.35100749135017395,0.12320625898394244
WRD25,efficientnet_b3,14,WIN_20171014_16_16_22_Pro.jpg,defocus_15,defocus_blur,15,0.000644683837890625,0.24807688226342026,0.25513124465942383,1.5210920737057942,0.4596004310243391,0.4221752882003784,0.17823197396707258
WRD25,efficientnet_b3,14,20180115172842.jpg,defocus_15,defocus_blur,15,0.000461578369140625,0.2784543087136568,0.17135709524154663,1.494474819814752,-0.07176537082068446,0.12216530740261078,0.014924362332774388
WRD25,efficientnet_b3,14,20180115175509.jpg,defocus_15,defocus_blur,15,0.000423431396484375,0.2986668906206858,0.16276973485946655,1.3964992373258283,-0.1525233648305675,0.13778041303157806,0.018983442215152246
WRD25,efficientnet_b3,14,20180115173018.jpg,defocus_15,defocus_blur,15,0.00048370361328125,0.2728506196562898,0.16877961158752441,1.5177031631186835,-0.050594930389317394,0.06770480424165726,0.0045839405174011305
WRD25,efficientnet_b3,14,20180115173022.jpg,defocus_15,defocus_blur,15,0.000452423095703125,0.2982887588853947,0.17150378227233887,1.4509396303248312,0.18932475915762836,0.3743652403354645,0.14014933317143008
WRD25,efficientnet_b3,14,20180115173012.jpg,defocus_15,defocus_blur,15,0.000498199462890625,0.2620247389172823,0.16516834497451782,1.4523747618064595,-0.10762613618937933,0.15042637288570404,0.022628093659548876
WRD25,efficientnet_b3,14,20180115172829.jpg,defocus_15,defocus_blur,15,0.000421142578125,0.2560122229813891,0.164739727973938,1.50255676252813,-0.08215769139218687,0.11686331033706665,0.013657033302937549
WRD25,efficientnet_b3,15,4-Millettia_stuhlmannii052.jpg,defocus_15,defocus_blur,15,0.000274658203125,0.33873438600510286,0.13509809970855713,1.3627109970951161,-0.22023052642317742,0.20496270060539246,0.042009708639455745
WRD25,efficientnet_b3,15,4-Millettia_stuhlmannii107.jpg,defocus_15,defocus_blur,15,0.000289154052734375,0.4301206725467781,0.17859965562820435,1.431402294296308,-0.061350061482612794,0.2858111262321472,0.08168799987808839
WRD25,efficientnet_b3,15,4-Millettia_stuhlmannii034.jpg,defocus_15,defocus_blur,15,0.00032501220703125,0.26173718867264323,0.15537095069885254,1.3484863030499887,-0.2231493966811804,0.22826987504959106,0.05210713585515592
WRD25,efficientnet_b3,15,4-Millettia_stuhlmannii079.jpg,defocus_15,defocus_blur,15,0.000318145751953125,0.4521132881860033,0.17203277349472046,1.5229405557445586,0.006489158658251615,0.21254125237464905,0.04517378396098426
WRD25,efficientnet_b3,15,4-Millettia_stuhlmannii064.jpg,defocus_15,defocus_blur,15,0.00022125244140625,0.39178434600761225,0.16947394609451294,1.5291823749897864,-0.017076587256792175,0.17991262674331665,0.03236855326167998
WRD25,efficientnet_b3,15,4-Millettia_stuhlmannii060.jpg,defocus_15,defocus_blur,15,0.000220489501953125,0.379009033910421,0.1708775758743286,1.5165874967108264,-0.047414789676506475,0.16952715814113617,0.02873945734740979
WRD25,efficientnet_b3,15,4-Millettia_stuhlmannii097.jpg,defocus_15,defocus_blur,15,0.000296783447265625,0.43541825650487764,0.1725102663040161,1.336557271636265,-0.2157104042919129,0.27452394366264343,0.07536339564409023
WRD25,efficientnet_b3,15,4-Millettia_stuhlmannii006.jpg,defocus_15,defocus_blur,15,0.000254058837890625,0.39733062478510944,0.11922305822372437,1.2757776320447558,-0.29769724984355594,0.24932897090911865,0.062164935734600135
WRD25,efficientnet_b3,15,4-Millettia_stuhlmannii027.jpg,defocus_15,defocus_blur,15,0.0002471923828125,0.2263651738348278,0.15967720746994019,1.292602977117022,-0.238873835797909,0.13077500462532043,0.01710210183475258
WRD25,efficientnet_b3,15,4-Millettia_stuhlmannii108.jpg,defocus_15,defocus_blur,15,0.000263214111328125,0.5042202868211009,0.18412327766418457,1.5276844346453367,-0.014495219792973968,0.1813308596611023,0.032880880665434375
WRD25,efficientnet_b3,16,20180108103531.jpg,defocus_15,defocus_blur,15,0.000609588623046875,0.2923342592551247,0.17443543672561646,1.5141590792103867,0.2464799284498167,0.3473433256149292,0.12064738584923873
WRD25,efficientnet_b3,16,20180108103533.jpg,defocus_15,defocus_blur,15,0.00057525634765625,0.288117129893702,0.1755320429801941,1.4827308120717804,0.1541218448900119,0.34273961186408997,0.11747044154074704
WRD25,efficientnet_b3,16,20180108103545.jpg,defocus_15,defocus_blur,15,0.00063323974609375,0.3512140912586699,0.16984188556671143,1.5602959100529339,0.1432760336000909,0.2298835963010788,0.05284646784831737
WRD25,efficientnet_b3,16,2016-10-17-14-25-45.jpg,defocus_15,defocus_blur,15,0.000624847412109375,0.2951631495616052,0.3483150601387024,1.4781410390495844,0.0611589280502276,0.30751127004623413,0.09456318120544793
WRD25,efficientnet_b3,16,20180108103548.jpg,defocus_15,defocus_blur,15,0.000693511962890625,0.3904808240456332,0.17110586166381836,1.573410572741059,0.09096793072780196,0.1783837229013443,0.03182075259614359
WRD25,efficientnet_b3,16,20180108103521.jpg,defocus_15,defocus_blur,15,0.00063323974609375,0.33233842000454805,0.20449340343475342,1.5734930219789756,0.23267422487563616,0.24743545055389404,0.061224302190808544
WRD25,efficientnet_b3,16,20180108103554.jpg,defocus_15,defocus_blur,15,0.000567626953125,0.3870950495692181,0.17836135625839233,1.5756338738736828,0.20268629780014202,0.23826029896736145,0.05676797006401646
WRD25,efficientnet_b3,16,2016-10-17-14-26-26.jpg,defocus_15,defocus_blur,15,0.00071563720703125,0.27633222454328615,0.35367250442504883,1.5089491066432108,0.31989597442404816,0.38665106892585754,0.14949904910150824
WRD25,efficientnet_b3,16,2016-10-17-14-26-21.jpg,defocus_15,defocus_blur,15,0.000740814208984375,0.2522591780026315,0.3581407070159912,1.4382105730200163,0.22645126859435938,0.41603296995162964,0.17308343208677357
WRD25,efficientnet_b3,16,2016-10-17-14-26-16.jpg,defocus_15,defocus_blur,15,0.000647735595703125,0.24227769674281188,0.3641371726989746,1.3978727002278029,0.15745034973943572,0.4281538426876068,0.18331571300816396
WRD25,efficientnet_b3,17,WIN_20171014_16_50_37_Pro.jpg,defocus_15,defocus_blur,15,0.000302886962890625,0.2215858603363401,0.2382693886756897,1.5794513032779212,0.17018561692585754,0.20042088627815247,0.04016853165652012
WRD25,efficientnet_b3,17,20180108103221.jpg,defocus_15,defocus_blur,15,0.000652313232421875,0.24322441400308006,0.1845899224281311,1.5741812745420227,0.0730643600997758,0.08070402592420578,0.006513139800374879
WRD25,efficientnet_b3,17,20180108103229.jpg,defocus_15,defocus_blur,15,0.000662994384765625,0.21227822360903148,0.22359037399291992,1.572730547187596,0.11164228578883151,0.14575761556625366,0.021245282495559792
WRD25,efficientnet_b3,17,20180108103302.jpg,defocus_15,defocus_blur,15,0.000720977783203125,0.3140001773020793,0.19828671216964722,1.5751345626090671,0.1888077162952242,0.21011042594909668,0.04414639109251084
WRD25,efficientnet_b3,17,WIN_20171014_16_50_42_Pro.jpg,defocus_15,defocus_blur,15,0.000281524658203125,0.2226024130204526,0.2510111927986145,1.4473473917039748,0.2439874519054528,0.127039834856987,0.01613911964049053
WRD25,efficientnet_b3,17,20180108103148.jpg,defocus_15,defocus_blur,15,0.000537109375,0.3428053097409914,0.17972230911254883,1.5568855140367006,0.0355852265844927,0.16522391140460968,0.02729894089983831
WRD25,efficientnet_b3,17,WIN_20171014_16_50_00_Pro.jpg,defocus_15,defocus_blur,15,0.000246429443359375,0.24102176470281797,0.25960075855255127,1.4775757009209505,0.31656083811648505,0.3282579779624939,0.10775330009602513
WRD25,efficientnet_b3,17,20180108103058.jpg,defocus_15,defocus_blur,15,0.000634002685546875,0.32782700599554665,0.20705395936965942,1.5051883651815914,0.03743762689543306,0.22640743851661682,0.051260328215655626
WRD25,efficientnet_b3,17,WIN_20171014_16_51_24_Pro.jpg,defocus_15,defocus_blur,15,0.000287628173828125,0.2624627285730296,0.2653217911720276,1.4927357469931053,0.2619664688754906,0.31925052404403687,0.10192089710239216
WRD25,efficientnet_b3,17,20180108103257.jpg,defocus_15,defocus_blur,15,0.00059967041015625,0.3045986363764208,0.23553556203842163,1.545880696462297,0.09746474225718327,0.23124834895133972,0.05347579889272058
WRD25,efficientnet_b3,18,WIN_20170817_15_01_46_Pro.jpg,defocus_15,defocus_blur,15,0.000273895263671875,0.22963523940212235,0.27941155433654785,1.584094819362078,0.018962399003507935,0.04760591685771942,0.002266323319864094
WRD25,efficientnet_b3,18,b9d14972-d125-11e8-add8-b8ca3af93c9a.jpg,defocus_15,defocus_blur,15,0.0005462646484375,0.3368390429173316,0.15308690071105957,1.5376332830025594,0.19135602599545387,0.29739564657211304,0.08844417060004517
WRD25,efficientnet_b3,18,9d080fec-d125-11e8-8817-b8ca3af93c9a.jpg,defocus_15,defocus_blur,15,0.000495147705078125,0.4267183730960415,0.14437365531921387,1.5391340383585428,0.05177897160117073,0.21580788493156433,0.04657304319863531
WRD25,efficientnet_b3,18,62b6c77e-d126-11e8-a3b4-b8ca3af93c9a.jpg,defocus_15,defocus_blur,15,0.000493621826171875,0.4099811718140562,0.16948121786117554,1.5523781820416493,0.01642253197549781,0.16742868721485138,0.028032365302488538
WRD25,efficientnet_b3,18,5e901902-d126-11e8-92bc-b8ca3af93c9a.jpg,defocus_15,defocus_blur,15,0.00051727294921875,0.3745361088492423,0.1611236333847046,1.5600527902376338,0.1451156277432153,0.23715399205684662,0.05624201594849887
WRD25,efficientnet_b3,18,20180108103331.jpg,defocus_15,defocus_blur,15,0.0006988525390625,0.2937166529536703,0.2178446650505066,1.5829566328041316,0.4555244476166995,0.3058267831802368,0.09353002131037158
WRD25,efficientnet_b3,18,b4fa719e-d125-11e8-a739-b8ca3af93c9a.jpg,defocus_15,defocus_blur,15,0.00050506591796875,0.4092255149742113,0.16785019636154175,1.5588739102170535,0.13594349640687642,0.2391047328710556,0.05717107328133886
WRD25,efficientnet_b3,18,WIN_20171014_14_20_36_Pro.jpg,defocus_15,defocus_blur,15,0.00032501220703125,0.19759752150777518,0.2054678201675415,1.5763779568764769,0.28512606074171365,0.26211604475975037,0.06870482092049546
WRD25,efficientnet_b3,18,20180108103401.jpg,defocus_15,defocus_blur,15,0.00066680908203125,0.30916738871762156,0.22680926322937012,1.5659042485812908,0.37420502411951784,0.33154141902923584,0.10991971253191934
WRD25,efficientnet_b3,18,ee71b4aa-d125-11e8-997d-b8ca3af93c9a.jpg,defocus_15,defocus_blur,15,0.00070037841796875,0.36152451999453766,0.15079337358474731,1.5638787045057299,0.18770100405727663,0.24985674023628235,0.062428390641501075
WRD25,efficientnet_b3,19,20180106153242.jpg,defocus_15,defocus_blur,15,0.0007415771484375,0.29016393722775524,0.16874545812606812,1.5379166685286956,0.10654437126927441,0.08206387609243393,0.006734479759314349
WRD25,efficientnet_b3,19,20180106153228.jpg,defocus_15,defocus_blur,15,0.00091552734375,0.220935434406499,0.208696186542511,1.5613697300609277,-0.0016517000181321961,0.07327625155448914,0.0053694090418767715
WRD25,efficientnet_b3,19,20180106153153.jpg,defocus_15,defocus_blur,15,0.0007843017578125,0.2742959895469686,0.21936368942260742,1.5286704097196324,0.4416539170913447,0.22437256574630737,0.050343048259581025
WRD25,efficientnet_b3,19,20180319131914.jpg,defocus_15,defocus_blur,15,0.00090789794921875,0.2356285544713598,0.16333019733428955,1.5591080115646831,0.7518275053891769,0.34937816858291626,0.12206510468235265
WRD25,efficientnet_b3,19,3380d864-d121-11e8-9852-b8ca3af93c9a.jpg,defocus_15,defocus_blur,15,0.000705718994140625,0.3293569268865439,0.17514026165008545,1.5736728667157736,0.33042358693636453,0.30024611949920654,0.09014773227433182
WRD25,efficientnet_b3,19,20180106153147.jpg,defocus_15,defocus_blur,15,0.000720977783203125,0.2948123372521484,0.2074066400527954,1.4983602980036532,0.1362209030574355,0.08534494787454605,0.0072837601277089825
WRD25,efficientnet_b3,19,4782ab26-d121-11e8-9bef-b8ca3af93c9a.jpg,defocus_15,defocus_blur,15,0.0006805419921875,0.2818652827175192,0.17533737421035767,1.5216329135606137,0.35474406230248245,0.37013277411460876,0.136998270473776
WRD25,efficientnet_b3,19,20180106153151.jpg,defocus_15,defocus_blur,15,0.000839996337890625,0.27650111053201193,0.2120411992073059,1.5553924842875744,0.40626507702878145,0.2257273644208908,0.05095284304840164
WRD25,efficientnet_b3,19,20180106153244.jpg,defocus_15,defocus_blur,15,0.000954437255859375,0.27095286774314303,0.17801225185394287,1.5412959390092191,-0.005344127337779225,0.00599422724917531,3.5930760314755806e-05
WRD25,efficientnet_b3,19,20180319131852.jpg,defocus_15,defocus_blur,15,0.00100555419921875,0.27548643972187736,0.1608605980873108,1.551499585443339,0.5311181390226061,0.27415931224823,0.07516332849242247
WRD25,efficientnet_b3,20,20180115182552.jpg,defocus_15,defocus_blur,15,0.0008636474609375,0.30402014859471443,0.2386670708656311,1.5726342063101737,0.4167182797294442,0.2886844575405121,0.08333871602545972
WRD25,efficientnet_b3,20,WIN_20171014_14_27_14_Pro.jpg,defocus_15,defocus_blur,15,0.000978851318359375,0.20620070160140838,0.13890612125396729,1.4462217666556758,0.42385660905032574,0.32398489117622375,0.10496620971046955
WRD25,efficientnet_b3,20,20180115182323.jpg,defocus_15,defocus_blur,15,0.00063934326171875,0.2626727667836523,0.2765347361564636,1.446774525117037,0.008421844023204228,0.12450724840164185,0.015502054904548146
WRD25,efficientnet_b3,20,20180115182324.jpg,defocus_15,defocus_blur,15,0.00086669921875,0.2937941535894502,0.2372974157333374,1.3954657416641827,0.08879616945798863,0.3703256845474243,0.13714111263551843
WRD25,efficientnet_b3,20,20180115182343.jpg,defocus_15,defocus_blur,15,0.000983428955078125,0.302527466096918,0.22302138805389404,1.526986417097613,0.42063585713438134,0.3836950659751892,0.1472219036537048
WRD25,efficientnet_b3,20,20180115182333.jpg,defocus_15,defocus_blur,15,0.001007843017578125,0.2987322356337943,0.23597335815429688,1.4968866156925495,0.37634601375849575,0.3855462074279785,0.14864587806209784
WRD25,efficientnet_b3,20,20180115182547.jpg,defocus_15,defocus_blur,15,0.000750732421875,0.32943307192612287,0.20777755975723267,1.5717485649161191,0.31011395819016463,0.24797268211841583,0.06149045107700091
WRD25,efficientnet_b3,20,WIN_20171014_14_26_23_Pro.jpg,defocus_15,defocus_blur,15,0.00086822509765625,0.22521390823300072,0.1535484790802002,1.5359673676880654,0.39616520181881953,0.2604193687438965,0.06781824761696953
WRD25,efficientnet_b3,20,20180115182424.jpg,defocus_15,defocus_blur,15,0.000855255126953125,0.31949388754550295,0.20426160097122192,1.5549238135410348,0.34326036055903475,0.24924476444721222,0.062122952604346304
WRD25,efficientnet_b3,20,20180115182415.jpg,defocus_15,defocus_blur,15,0.000740814208984375,0.30959645419416515,0.24426400661468506,1.342398529195005,-0.008364987742548458,0.3710332214832306,0.13766565144422405
WRD25,efficientnet_b3,21,20180115184851.jpg,defocus_15,defocus_blur,15,0.000458526611328125,0.3621098859066178,0.1326252818107605,1.2547829121540344,-0.2551233594887392,0.2811627686023712,0.07905250244815054
WRD25,efficientnet_b3,21,20180115184931.jpg,defocus_15,defocus_blur,15,0.00050811767578125,0.42200011844163265,0.12806129455566406,1.478430822995238,-0.07257143828954593,0.2103879600763321,0.044263093745080306
WRD25,efficientnet_b3,21,WIN_20171014_15_44_53_Pro.jpg,defocus_15,defocus_blur,15,0.000443267822265625,0.25234329664911187,0.2563936114311218,1.4982591374023284,0.06493419645651,0.054329827427864075,0.0029517301483414915
WRD25,efficientnet_b3,21,20180115184926.jpg,defocus_15,defocus_blur,15,0.000437164306640625,0.37959099235874855,0.12614136934280396,1.4062162944422236,-0.07781672725141253,0.24411796033382416,0.059593578557546545
WRD25,efficientnet_b3,21,20180115184948.jpg,defocus_15,defocus_blur,15,0.00038909912109375,0.34438147172308153,0.11297732591629028,1.3448174368664576,-0.1690745442479369,0.3112329840660095,0.09686597037063294
WRD25,efficientnet_b3,21,WIN_20171014_15_40_27_Pro.jpg,defocus_15,defocus_blur,15,0.000334930419921875,0.21978936661945436,0.20677930116653442,1.5834026082530568,0.015311416221160945,0.055765628814697266,0.003109805357098594
WRD25,efficientnet_b3,21,20180115184803.jpg,defocus_15,defocus_blur,15,0.00047607421875,0.3793641472584434,0.12926608324050903,1.3451487393503132,-0.1942944792937178,0.2841736376285553,0.08075465632304546
WRD25,efficientnet_b3,21,20180115184746.jpg,defocus_15,defocus_blur,15,0.0004608154296875,0.3278274081744033,0.12676769495010376,1.2943338883963822,-0.16106887147721727,0.35717520117759705,0.12757412433625692
WRD25,efficientnet_b3,21,WIN_20171014_15_27_35_Pro.jpg,defocus_15,defocus_blur,15,0.000304412841796875,0.22656694896545113,0.21142035722732544,1.58328012857704,0.24440465119720645,0.22736003994941711,0.051692587765800546
WRD25,efficientnet_b3,21,20180115184726.jpg,defocus_15,defocus_blur,15,0.000414276123046875,0.4080196111673482,0.13653796911239624,1.4203595625716272,-0.08094490557267009,0.26459383964538574,0.0700098999782881
WRD25,efficientnet_b3,22,20180115180602.jpg,defocus_15,defocus_blur,15,0.000696563720703125,0.30985527465238766,0.156094491481781,1.3757535749667467,-0.0451848478945891,0.3560289442539215,0.12675660914656195
WRD25,efficientnet_b3,22,WIN_20171014_14_47_53_Pro.jpg,defocus_15,defocus_blur,15,0.000696563720703125,0.24211369155244386,0.18163162469863892,1.4380554450119551,0.3130562636489769,0.4132000207901001,0.17073425718093915
WRD25,efficientnet_b3,22,WIN_20171014_14_42_06_Pro.jpg,defocus_15,defocus_blur,15,0.000724029541015625,0.2825326665985475,0.1939217448234558,1.5670182543190043,0.039835401044723495,0.07641425728797913,0.005839138716873471
WRD25,efficientnet_b3,22,20180115180707.jpg,defocus_15,defocus_blur,15,0.00080108642578125,0.24611550460570683,0.16748207807540894,1.4331609405513703,0.05806856040839059,0.182808518409729,0.03341895440316023
WRD25,efficientnet_b3,22,WIN_20171014_14_40_23_Pro.jpg,defocus_15,defocus_blur,15,0.000640106201171875,0.2846146711682987,0.20612430572509766,1.5777683147249093,0.005244646269112696,0.08122801035642624,0.006597989666463688
WRD25,efficientnet_b3,22,20180115181217.jpg,defocus_15,defocus_blur,15,0.00064697265625,0.41232592302546456,0.172926127910614,1.283458671288546,-0.2258069504468958,0.29639628529548645,0.0878507579369634
WRD25,efficientnet_b3,22,20180115180551.jpg,defocus_15,defocus_blur,15,0.000656890869140625,0.3649741984127801,0.15636307001113892,1.4170945251772102,-0.05496968307222705,0.30808618664741516,0.09491709840294593
WRD25,efficientnet_b3,22,20180115180544.jpg,defocus_15,defocus_blur,15,0.000685882568359375,0.33111126307482447,0.16134262084960938,1.351021068419612,-0.069904996909947,0.36148619651794434,0.13067227027300987
WRD25,efficientnet_b3,22,WIN_20171014_14_44_11_Pro.jpg,defocus_15,defocus_blur,15,0.00092926025390625,0.30394455048735924,0.1812753677368164,1.5595822331549805,0.28196434553233685,0.3071647882461548,0.09435020713830511
WRD25,efficientnet_b3,22,20180115180704.jpg,defocus_15,defocus_blur,15,0.00072479248046875,0.25108991979851364,0.17100435495376587,1.440288732338021,0.021213682419995328,0.16705837845802307,0.027908501813024067
WRD25,efficientnet_b3,23,WIN_20170717_17_24_47_Pro.jpg,defocus_15,defocus_blur,15,0.00075225830078125,0.28628042666999987,0.2125074863433838,1.4638459214748323,0.21017880107301434,0.3637440800666809,0.13230975578355597
WRD25,efficientnet_b3,23,20180115183423.jpg,defocus_15,defocus_blur,15,0.00030975341796875,0.23485939528310917,0.16687679290771484,1.5779632827128254,0.16573523813484115,0.20280763506889343,0.04113093684223745
WRD25,efficientnet_b3,23,20180115182845.jpg,defocus_15,defocus_blur,15,0.000603485107421875,0.2508081636007565,0.16966921091079712,1.4660121246241509,0.058251675176358875,0.2144847810268402,0.046003721292131594
WRD25,efficientnet_b3,23,20180115183221.jpg,defocus_15,defocus_blur,15,0.00039825439453125,0.2504618099696881,0.17044109106063843,1.5740486077684965,0.15063454963073974,0.2002989947795868,0.04011968730971294
WRD25,efficientnet_b3,23,20180115183137.jpg,defocus_15,defocus_blur,15,0.00053863525390625,0.2608788592268502,0.1699446439743042,1.4432020031385508,-0.0022888358204407044,0.1902998685836792,0.036214039982965573
WRD25,efficientnet_b3,23,20180115182738.jpg,defocus_15,defocus_blur,15,0.000307464599609375,0.284983659745443,0.1773332953453064,1.5810468707085086,0.1656766536968346,0.20013602077960968,0.04005442681349636
WRD25,efficientnet_b3,23,20180115182951.jpg,defocus_15,defocus_blur,15,0.000887298583984375,0.3421623101698688,0.227064847946167,1.3751613571563555,-0.05328553207705533,0.3510162830352783,0.12321243095590262
WRD25,efficientnet_b3,23,WIN_20170717_17_22_12_Pro.jpg,defocus_15,defocus_blur,15,0.000643157958984375,0.20317915797571803,0.23276299238204956,1.5029238534555636,-0.03725366799549956,0.08097653090953827,0.006557198558143407
WRD25,efficientnet_b3,23,20180115182830.jpg,defocus_15,defocus_blur,15,0.000638580322265625,0.27359849821360305,0.17230695486068726,1.4476196669164954,0.05688473762912838,0.170395627617836,0.029034669911276234
WRD25,efficientnet_b3,23,20180115182928.jpg,defocus_15,defocus_blur,15,0.00054168701171875,0.2591660832186869,0.17152029275894165,1.4839027473599118,0.0064323352526489685,0.16739358007907867,0.028020610651690925
WRD25,efficientnet_b3,24,WIN_20171029_10_57_02_Pro.jpg,defocus_15,defocus_blur,15,0.0002960205078125,0.21901714091207683,0.1925286054611206,1.5594774762532397,0.34368321443426075,0.3264499008655548,0.10656953777513056
WRD25,efficientnet_b3,24,20180115184200.jpg,defocus_15,defocus_blur,15,0.000629425048828125,0.34108753153957333,0.14575529098510742,1.522550312794273,0.15520523595858604,0.3028551936149597,0.09172126829955474
WRD25,efficientnet_b3,24,20180115184415.jpg,defocus_15,defocus_blur,15,0.00067138671875,0.3169049090285255,0.15013521909713745,1.4325533473308174,-0.01415294622021146,0.31364887952804565,0.0983756196291985
WRD25,efficientnet_b3,24,20180115184405.jpg,defocus_15,defocus_blur,15,0.0007232666015625,0.2911679789228796,0.1445448398590088,1.495014114647333,0.009438401509889394,0.08454100787639618,0.007147182012756881
WRD25,efficientnet_b3,24,20180115184159.jpg,defocus_15,defocus_blur,15,0.000595855712890625,0.37311045953735195,0.15175765752792358,1.5763491582377314,0.2623678550623656,0.2654946446418762,0.07048740633351613
WRD25,efficientnet_b3,24,WIN_20171029_11_44_54_Pro.jpg,defocus_15,defocus_blur,15,0.000447845458984375,0.3484038759179229,0.19554656744003296,1.570878912307423,0.36922986835518956,0.3041984736919403,0.0925367113965061
WRD25,efficientnet_b3,24,20180115184401.jpg,defocus_15,defocus_blur,15,0.000656890869140625,0.33008465568744555,0.14357441663742065,1.5331931317251841,0.32740653549987964,0.365446537733078,0.133551171941094
WRD25,efficientnet_b3,24,20180115184400.jpg,defocus_15,defocus_blur,15,0.000649261474609375,0.3541256439917662,0.14196926355361938,1.5166591098233944,0.162988039727336,0.3100811243057251,0.09615030365070254
WRD25,efficientnet_b3,24,20180115184343.jpg,defocus_15,defocus_blur,15,0.000577545166015625,0.31676931031000305,0.14888626337051392,1.4594631430906198,0.14554843985745558,0.36752933263778687,0.13507781034917699
WRD25,efficientnet_b3,24,20180115184209.jpg,defocus_15,defocus_blur,15,0.000653839111328125,0.3566708328778702,0.1397937536239624,1.529527183883499,0.10252841271464952,0.259446918964386,0.06731270376011267
